"","Year","Stratum","Route"
"1",2005,"US-CT-30","18-116"
"2",2011,"US-CT-30","18-116"
"3",2012,"US-CT-30","18-116"
"4",2002,"US-CT-30","18-12"
"5",2003,"US-CT-30","18-12"
"6",2004,"US-CT-30","18-12"
"7",2005,"US-CT-30","18-12"
"8",2006,"US-CT-30","18-12"
"9",2007,"US-CT-30","18-12"
"10",2008,"US-CT-30","18-12"
"11",2009,"US-CT-30","18-12"
"12",2010,"US-CT-30","18-9"
"13",2011,"US-CT-30","18-9"
"14",2012,"US-CT-30","18-9"
"15",2002,"US-CT-30","18-9"
"16",2003,"US-CT-30","18-9"
"17",2004,"US-CT-30","18-9"
"18",2005,"US-CT-30","18-9"
"19",2006,"US-CT-30","18-9"
"20",2007,"US-CT-30","18-9"
"21",2008,"US-CT-30","18-9"
"22",2009,"US-CT-30","18-9"
"23",2009,"CA-AB-6","4-153"
"24",2010,"CA-AB-6","4-153"
"25",2012,"CA-AB-6","4-153"
"26",2002,"CA-AB-6","4-251"
"27",2003,"CA-AB-6","4-251"
"28",2004,"CA-AB-6","4-251"
"29",2006,"CA-AB-6","4-251"
"30",2007,"CA-AB-6","4-251"
"31",2008,"CA-AB-6","4-251"
"32",2009,"CA-AB-6","4-251"
"33",2010,"CA-AB-6","4-251"
"34",2011,"CA-AB-6","4-251"
"35",2012,"CA-AB-6","4-251"
"36",2004,"CA-AB-6","4-338"
"37",2005,"CA-AB-6","4-338"
"38",2007,"CA-AB-6","4-338"
"39",2008,"CA-AB-6","4-338"
"40",2009,"CA-AB-6","4-338"
"41",2010,"CA-AB-6","4-338"
"42",2007,"CA-AB-6","4-42"
"43",2008,"CA-AB-6","4-42"
"44",2010,"CA-AB-6","4-42"
"45",2011,"CA-AB-6","4-42"
"46",2002,"CA-AB-6","4-43"
"47",2003,"CA-AB-6","4-43"
"48",2009,"CA-AB-6","4-43"
"49",2010,"CA-AB-6","4-43"
"50",2012,"CA-AB-6","4-43"
"51",2004,"CA-AB-6","4-438"
"52",2005,"CA-AB-6","4-438"
"53",2006,"CA-AB-6","4-438"
"54",2008,"CA-AB-6","4-438"
"55",2009,"CA-AB-6","4-438"
"56",2010,"CA-AB-6","4-438"
"57",2011,"CA-AB-6","4-438"
"58",2004,"CA-AB-6","4-44"
"59",2005,"CA-AB-6","4-44"
"60",2008,"CA-AB-6","4-44"
"61",2010,"CA-AB-6","4-44"
"62",2011,"CA-AB-6","4-44"
"63",2012,"CA-AB-6","4-44"
"64",2002,"CA-AB-6","4-49"
"65",2003,"CA-AB-6","4-49"
"66",2004,"CA-AB-6","4-49"
"67",2005,"CA-AB-6","4-49"
"68",2006,"CA-AB-6","4-49"
"69",2007,"CA-AB-6","4-49"
"70",2008,"CA-AB-6","4-49"
"71",2009,"CA-AB-6","4-49"
"72",2010,"CA-AB-6","4-49"
"73",2011,"CA-AB-6","4-49"
"74",2012,"CA-AB-6","4-49"
"75",2002,"CA-AB-6","4-50"
"76",2003,"CA-AB-6","4-50"
"77",2004,"CA-AB-6","4-50"
"78",2006,"CA-AB-6","4-50"
"79",2007,"CA-AB-6","4-50"
"80",2008,"CA-AB-6","4-50"
"81",2009,"CA-AB-6","4-50"
"82",2010,"CA-AB-6","4-50"
"83",2011,"CA-AB-6","4-50"
"84",2012,"CA-AB-6","4-50"
"85",2002,"US-ME-14","44-10"
"86",2003,"US-ME-14","44-10"
"87",2004,"US-ME-14","44-10"
"88",2005,"US-ME-14","44-10"
"89",2006,"US-ME-14","44-10"
"90",2007,"US-ME-14","44-10"
"91",2009,"US-ME-14","44-10"
"92",2010,"US-ME-14","44-10"
"93",2011,"US-ME-14","44-10"
"94",2002,"US-ME-14","44-115"
"95",2005,"US-ME-14","44-115"
"96",2006,"US-ME-14","44-115"
"97",2007,"US-ME-14","44-115"
"98",2008,"US-ME-14","44-115"
"99",2009,"US-ME-14","44-115"
"100",2010,"US-ME-14","44-115"
"101",2011,"US-ME-14","44-115"
"102",2002,"US-ME-14","44-117"
"103",2003,"US-ME-14","44-117"
"104",2004,"US-ME-14","44-117"
"105",2005,"US-ME-14","44-117"
"106",2006,"US-ME-14","44-117"
"107",2007,"US-ME-14","44-117"
"108",2008,"US-ME-14","44-117"
"109",2009,"US-ME-14","44-117"
"110",2010,"US-ME-14","44-117"
"111",2002,"US-ME-14","44-12"
"112",2003,"US-ME-14","44-12"
"113",2004,"US-ME-14","44-12"
"114",2005,"US-ME-14","44-12"
"115",2006,"US-ME-14","44-12"
"116",2007,"US-ME-14","44-12"
"117",2008,"US-ME-14","44-12"
"118",2009,"US-ME-14","44-12"
"119",2010,"US-ME-14","44-12"
"120",2011,"US-ME-14","44-12"
"121",2012,"US-ME-14","44-12"
"122",2002,"US-ME-14","44-13"
"123",2003,"US-ME-14","44-13"
"124",2004,"US-ME-14","44-13"
"125",2005,"US-ME-14","44-13"
"126",2006,"US-ME-14","44-13"
"127",2007,"US-ME-14","44-13"
"128",2008,"US-ME-14","44-13"
"129",2009,"US-ME-14","44-13"
"130",2010,"US-ME-14","44-13"
"131",2011,"US-ME-14","44-13"
"132",2012,"US-ME-14","44-13"
"133",2010,"US-ME-14","44-146"
"134",2011,"US-ME-14","44-146"
"135",2002,"US-ME-14","44-147"
"136",2003,"US-ME-14","44-147"
"137",2010,"US-ME-14","44-159"
"138",2011,"US-ME-14","44-159"
"139",2005,"US-ME-14","44-16"
"140",2006,"US-ME-14","44-16"
"141",2007,"US-ME-14","44-16"
"142",2008,"US-ME-14","44-16"
"143",2002,"US-ME-14","44-19"
"144",2003,"US-ME-14","44-19"
"145",2004,"US-ME-14","44-19"
"146",2005,"US-ME-14","44-19"
"147",2006,"US-ME-14","44-19"
"148",2007,"US-ME-14","44-19"
"149",2008,"US-ME-14","44-19"
"150",2009,"US-ME-14","44-19"
"151",2010,"US-ME-14","44-19"
"152",2011,"US-ME-14","44-19"
"153",2012,"US-ME-14","44-19"
"154",2005,"US-ME-14","44-21"
"155",2006,"US-ME-14","44-21"
"156",2007,"US-ME-14","44-21"
"157",2008,"US-ME-14","44-21"
"158",2009,"US-ME-14","44-21"
"159",2010,"US-ME-14","44-21"
"160",2011,"US-ME-14","44-21"
"161",2006,"US-ME-14","44-22"
"162",2007,"US-ME-14","44-22"
"163",2008,"US-ME-14","44-22"
"164",2009,"US-ME-14","44-22"
"165",2010,"US-ME-14","44-22"
"166",2011,"US-ME-14","44-22"
"167",2002,"US-ME-14","44-25"
"168",2004,"US-ME-14","44-25"
"169",2005,"US-ME-14","44-25"
"170",2006,"US-ME-14","44-25"
"171",2008,"US-ME-14","44-26"
"172",2009,"US-ME-14","44-26"
"173",2010,"US-ME-14","44-26"
"174",2011,"US-ME-14","44-26"
"175",2012,"US-ME-14","44-26"
"176",2002,"US-ME-14","44-26"
"177",2003,"US-ME-14","44-26"
"178",2004,"US-ME-14","44-26"
"179",2005,"US-ME-14","44-26"
"180",2006,"US-ME-14","44-26"
"181",2007,"US-ME-14","44-26"
"182",2003,"US-ME-14","44-27"
"183",2004,"US-ME-14","44-27"
"184",2005,"US-ME-14","44-27"
"185",2006,"US-ME-14","44-27"
"186",2007,"US-ME-14","44-27"
"187",2010,"US-ME-14","44-27"
"188",2002,"US-ME-14","44-3"
"189",2003,"US-ME-14","44-3"
"190",2004,"US-ME-14","44-3"
"191",2005,"US-ME-14","44-3"
"192",2006,"US-ME-14","44-3"
"193",2007,"US-ME-14","44-3"
"194",2008,"US-ME-14","44-3"
"195",2009,"US-ME-14","44-3"
"196",2011,"US-ME-14","44-3"
"197",2008,"US-ME-14","44-304"
"198",2009,"US-ME-14","44-304"
"199",2010,"US-ME-14","44-304"
"200",2011,"US-ME-14","44-304"
"201",2012,"US-ME-14","44-304"
"202",2010,"US-ME-14","44-306"
"203",2002,"US-ME-14","44-31"
"204",2003,"US-ME-14","44-31"
"205",2004,"US-ME-14","44-31"
"206",2005,"US-ME-14","44-31"
"207",2006,"US-ME-14","44-31"
"208",2007,"US-ME-14","44-31"
"209",2008,"US-ME-14","44-31"
"210",2009,"US-ME-14","44-31"
"211",2010,"US-ME-14","44-31"
"212",2011,"US-ME-14","44-31"
"213",2012,"US-ME-14","44-31"
"214",2002,"US-ME-14","44-32"
"215",2003,"US-ME-14","44-32"
"216",2004,"US-ME-14","44-32"
"217",2005,"US-ME-14","44-32"
"218",2006,"US-ME-14","44-32"
"219",2007,"US-ME-14","44-32"
"220",2008,"US-ME-14","44-32"
"221",2009,"US-ME-14","44-32"
"222",2010,"US-ME-14","44-32"
"223",2011,"US-ME-14","44-32"
"224",2012,"US-ME-14","44-32"
"225",2002,"US-ME-14","44-33"
"226",2003,"US-ME-14","44-33"
"227",2004,"US-ME-14","44-33"
"228",2005,"US-ME-14","44-33"
"229",2006,"US-ME-14","44-33"
"230",2007,"US-ME-14","44-33"
"231",2008,"US-ME-14","44-33"
"232",2009,"US-ME-14","44-33"
"233",2010,"US-ME-14","44-33"
"234",2011,"US-ME-14","44-33"
"235",2002,"US-ME-14","44-35"
"236",2003,"US-ME-14","44-35"
"237",2004,"US-ME-14","44-35"
"238",2005,"US-ME-14","44-35"
"239",2006,"US-ME-14","44-35"
"240",2007,"US-ME-14","44-35"
"241",2008,"US-ME-14","44-35"
"242",2009,"US-ME-14","44-35"
"243",2010,"US-ME-14","44-35"
"244",2011,"US-ME-14","44-35"
"245",2012,"US-ME-14","44-35"
"246",2010,"US-ME-14","44-37"
"247",2012,"US-ME-14","44-37"
"248",2002,"US-ME-14","44-37"
"249",2004,"US-ME-14","44-37"
"250",2005,"US-ME-14","44-37"
"251",2006,"US-ME-14","44-37"
"252",2008,"US-ME-14","44-37"
"253",2002,"US-ME-14","44-41"
"254",2003,"US-ME-14","44-41"
"255",2004,"US-ME-14","44-41"
"256",2005,"US-ME-14","44-41"
"257",2006,"US-ME-14","44-41"
"258",2007,"US-ME-14","44-41"
"259",2008,"US-ME-14","44-41"
"260",2009,"US-ME-14","44-41"
"261",2010,"US-ME-14","44-41"
"262",2011,"US-ME-14","44-41"
"263",2009,"US-ME-14","44-42"
"264",2004,"US-ME-14","44-49"
"265",2005,"US-ME-14","44-49"
"266",2002,"US-ME-14","44-5"
"267",2003,"US-ME-14","44-5"
"268",2004,"US-ME-14","44-5"
"269",2005,"US-ME-14","44-5"
"270",2006,"US-ME-14","44-5"
"271",2007,"US-ME-14","44-5"
"272",2008,"US-ME-14","44-5"
"273",2010,"US-ME-14","44-5"
"274",2002,"US-ME-14","44-50"
"275",2003,"US-ME-14","44-50"
"276",2004,"US-ME-14","44-50"
"277",2005,"US-ME-14","44-50"
"278",2006,"US-ME-14","44-50"
"279",2007,"US-ME-14","44-50"
"280",2008,"US-ME-14","44-50"
"281",2009,"US-ME-14","44-50"
"282",2010,"US-ME-14","44-50"
"283",2011,"US-ME-14","44-50"
"284",2002,"US-ME-14","44-51"
"285",2003,"US-ME-14","44-51"
"286",2004,"US-ME-14","44-51"
"287",2005,"US-ME-14","44-51"
"288",2006,"US-ME-14","44-51"
"289",2008,"US-ME-14","44-51"
"290",2008,"US-ME-14","44-52"
"291",2009,"US-ME-14","44-52"
"292",2011,"US-ME-14","44-52"
"293",2004,"US-ME-14","44-52"
"294",2005,"US-ME-14","44-52"
"295",2004,"US-ME-14","44-53"
"296",2005,"US-ME-14","44-53"
"297",2004,"US-ME-14","44-54"
"298",2005,"US-ME-14","44-54"
"299",2002,"US-ME-14","44-55"
"300",2005,"US-ME-14","44-55"
"301",2006,"US-ME-14","44-55"
"302",2007,"US-ME-14","44-55"
"303",2008,"US-ME-14","44-55"
"304",2011,"US-ME-14","44-56"
"305",2002,"US-ME-14","44-56"
"306",2003,"US-ME-14","44-56"
"307",2004,"US-ME-14","44-56"
"308",2005,"US-ME-14","44-56"
"309",2006,"US-ME-14","44-56"
"310",2007,"US-ME-14","44-56"
"311",2008,"US-ME-14","44-56"
"312",2004,"US-ME-14","44-57"
"313",2006,"US-ME-14","44-57"
"314",2008,"US-ME-14","44-59"
"315",2009,"US-ME-14","44-59"
"316",2004,"US-ME-14","44-59"
"317",2005,"US-ME-14","44-59"
"318",2002,"US-ME-14","44-6"
"319",2003,"US-ME-14","44-6"
"320",2004,"US-ME-14","44-6"
"321",2005,"US-ME-14","44-6"
"322",2006,"US-ME-14","44-6"
"323",2007,"US-ME-14","44-6"
"324",2008,"US-ME-14","44-6"
"325",2009,"US-ME-14","44-6"
"326",2010,"US-ME-14","44-6"
"327",2011,"US-ME-14","44-6"
"328",2012,"US-ME-14","44-6"
"329",2002,"US-ME-14","44-60"
"330",2003,"US-ME-14","44-60"
"331",2004,"US-ME-14","44-60"
"332",2006,"US-ME-14","44-60"
"333",2008,"US-ME-14","44-60"
"334",2009,"US-ME-14","44-60"
"335",2002,"US-ME-14","44-7"
"336",2003,"US-ME-14","44-7"
"337",2004,"US-ME-14","44-7"
"338",2005,"US-ME-14","44-7"
"339",2006,"US-ME-14","44-7"
"340",2007,"US-ME-14","44-7"
"341",2008,"US-ME-14","44-7"
"342",2009,"US-ME-14","44-7"
"343",2010,"US-ME-14","44-7"
"344",2012,"US-ME-14","44-7"
"345",2010,"US-ME-14","44-8"
"346",2002,"US-ME-14","44-8"
"347",2002,"CA-MB-8","45-112"
"348",2003,"CA-MB-8","45-112"
"349",2005,"CA-MB-8","45-112"
"350",2006,"CA-MB-8","45-112"
"351",2007,"CA-MB-8","45-112"
"352",2008,"CA-MB-8","45-112"
"353",2009,"CA-MB-8","45-112"
"354",2010,"CA-MB-8","45-112"
"355",2002,"CA-MB-8","45-12"
"356",2003,"CA-MB-8","45-12"
"357",2005,"CA-MB-8","45-12"
"358",2006,"CA-MB-8","45-12"
"359",2007,"CA-MB-8","45-12"
"360",2008,"CA-MB-8","45-12"
"361",2009,"CA-MB-8","45-12"
"362",2010,"CA-MB-8","45-12"
"363",2011,"CA-MB-8","45-12"
"364",2012,"CA-MB-8","45-12"
"365",2002,"CA-MB-6","45-120"
"366",2003,"CA-MB-6","45-120"
"367",2004,"CA-MB-6","45-120"
"368",2006,"CA-MB-6","45-120"
"369",2007,"CA-MB-6","45-120"
"370",2008,"CA-MB-6","45-120"
"371",2009,"CA-MB-6","45-120"
"372",2010,"CA-MB-6","45-120"
"373",2011,"CA-MB-6","45-120"
"374",2012,"CA-MB-6","45-120"
"375",2011,"CA-MB-6","45-141"
"376",2006,"CA-MB-8","45-40"
"377",2008,"CA-MB-8","45-40"
"378",2002,"CA-MB-8","45-40"
"379",2002,"CA-MB-6","45-41"
"380",2003,"CA-MB-6","45-41"
"381",2005,"CA-MB-6","45-41"
"382",2007,"CA-MB-6","45-41"
"383",2008,"CA-MB-6","45-41"
"384",2009,"CA-MB-6","45-41"
"385",2010,"CA-MB-6","45-41"
"386",2011,"CA-MB-6","45-41"
"387",2012,"CA-MB-6","45-41"
"388",2002,"CA-MB-6","45-48"
"389",2006,"CA-MB-6","45-48"
"390",2008,"CA-MB-6","45-48"
"391",2009,"CA-MB-6","45-48"
"392",2010,"CA-MB-6","45-48"
"393",2002,"CA-MB-6","45-49"
"394",2003,"CA-MB-6","45-49"
"395",2004,"CA-MB-6","45-49"
"396",2005,"CA-MB-6","45-49"
"397",2006,"CA-MB-6","45-49"
"398",2007,"CA-MB-6","45-49"
"399",2009,"CA-MB-6","45-49"
"400",2010,"CA-MB-6","45-49"
"401",2011,"CA-MB-6","45-49"
"402",2012,"CA-MB-6","45-49"
"403",2002,"CA-MB-6","45-55"
"404",2003,"CA-MB-6","45-55"
"405",2011,"CA-MB-6","45-55"
"406",2003,"US-MD-28","46-1"
"407",2004,"US-MD-28","46-1"
"408",2005,"US-MD-28","46-1"
"409",2006,"US-MD-28","46-1"
"410",2007,"US-MD-28","46-1"
"411",2008,"US-MD-28","46-1"
"412",2009,"US-MD-28","46-1"
"413",2010,"US-MD-28","46-1"
"414",2011,"US-MD-28","46-1"
"415",2012,"US-MD-28","46-1"
"416",2002,"US-MD-28","46-102"
"417",2003,"US-MD-28","46-102"
"418",2004,"US-MD-28","46-102"
"419",2005,"US-MD-28","46-102"
"420",2006,"US-MD-28","46-102"
"421",2007,"US-MD-28","46-102"
"422",2008,"US-MD-28","46-102"
"423",2009,"US-MD-28","46-102"
"424",2010,"US-MD-28","46-102"
"425",2011,"US-MD-28","46-102"
"427",2012,"US-MD-28","46-102"
"428",2002,"US-MD-28","46-3"
"429",2003,"US-MD-28","46-3"
"430",2004,"US-MD-28","46-3"
"431",2005,"US-MD-28","46-3"
"432",2006,"US-MD-28","46-3"
"433",2007,"US-MD-28","46-3"
"434",2008,"US-MD-28","46-3"
"435",2009,"US-MD-28","46-3"
"436",2010,"US-MD-28","46-3"
"437",2011,"US-MD-28","46-3"
"438",2012,"US-MD-28","46-3"
"439",2009,"US-MD-28","46-51"
"440",2010,"US-MD-28","46-51"
"441",2011,"US-MD-28","46-51"
"442",2012,"US-MD-28","46-51"
"443",2002,"US-MD-28","46-51"
"444",2003,"US-MD-28","46-51"
"445",2005,"US-MD-28","46-51"
"446",2006,"US-MD-28","46-51"
"447",2007,"US-MD-28","46-51"
"448",2008,"US-MD-28","46-51"
"449",2009,"US-MA-14","47-120"
"450",2010,"US-MA-14","47-120"
"451",2011,"US-MA-14","47-120"
"452",2012,"US-MA-14","47-120"
"453",2004,"US-MA-14","47-17"
"454",2005,"US-MA-14","47-17"
"455",2006,"US-MA-14","47-17"
"456",2007,"US-MA-14","47-17"
"457",2008,"US-MA-14","47-17"
"458",2009,"US-MA-14","47-17"
"459",2010,"US-MA-14","47-17"
"460",2011,"US-MA-14","47-17"
"461",2012,"US-MA-14","47-17"
"462",2002,"US-MA-14","47-17"
"463",2002,"US-MA-14","47-18"
"464",2003,"US-MA-14","47-18"
"465",2004,"US-MA-14","47-18"
"466",2005,"US-MA-14","47-18"
"467",2006,"US-MA-14","47-18"
"468",2007,"US-MA-14","47-18"
"469",2008,"US-MA-14","47-18"
"470",2009,"US-MA-14","47-18"
"471",2010,"US-MA-14","47-18"
"472",2011,"US-MA-14","47-18"
"473",2012,"US-MA-14","47-18"
"474",2002,"US-MA-14","47-19"
"475",2003,"US-MA-14","47-19"
"476",2004,"US-MA-14","47-19"
"477",2005,"US-MA-14","47-19"
"478",2006,"US-MA-14","47-19"
"479",2007,"US-MA-14","47-19"
"480",2008,"US-MA-14","47-19"
"481",2009,"US-MA-14","47-19"
"482",2010,"US-MA-14","47-19"
"483",2011,"US-MA-14","47-19"
"484",2012,"US-MA-14","47-19"
"485",2010,"US-MI-12","49-10"
"486",2011,"US-MI-12","49-10"
"487",2012,"US-MI-12","49-10"
"488",2004,"US-MI-12","49-10"
"489",2007,"US-MI-12","49-11"
"490",2008,"US-MI-12","49-11"
"491",2009,"US-MI-12","49-11"
"492",2010,"US-MI-12","49-11"
"493",2011,"US-MI-12","49-11"
"494",2012,"US-MI-12","49-11"
"495",2004,"US-MI-12","49-11"
"496",2002,"US-MI-12","49-12"
"497",2003,"US-MI-12","49-12"
"498",2004,"US-MI-12","49-12"
"499",2005,"US-MI-12","49-12"
"500",2006,"US-MI-12","49-12"
"501",2007,"US-MI-12","49-12"
"502",2008,"US-MI-12","49-12"
"503",2009,"US-MI-12","49-12"
"504",2010,"US-MI-12","49-12"
"505",2003,"US-MI-12","49-128"
"506",2004,"US-MI-12","49-128"
"507",2005,"US-MI-12","49-128"
"508",2006,"US-MI-12","49-128"
"509",2007,"US-MI-12","49-128"
"510",2008,"US-MI-12","49-128"
"511",2009,"US-MI-12","49-128"
"512",2011,"US-MI-12","49-128"
"513",2002,"US-MI-12","49-14"
"514",2003,"US-MI-12","49-14"
"515",2004,"US-MI-12","49-14"
"516",2006,"US-MI-12","49-14"
"517",2007,"US-MI-12","49-14"
"518",2008,"US-MI-12","49-14"
"519",2009,"US-MI-12","49-14"
"520",2010,"US-MI-12","49-14"
"521",2011,"US-MI-12","49-14"
"522",2012,"US-MI-12","49-14"
"523",2005,"US-MI-12","49-143"
"524",2006,"US-MI-12","49-143"
"525",2008,"US-MI-12","49-143"
"526",2009,"US-MI-12","49-143"
"527",2010,"US-MI-12","49-143"
"528",2002,"US-MI-12","49-15"
"529",2003,"US-MI-12","49-15"
"530",2004,"US-MI-12","49-15"
"531",2005,"US-MI-12","49-15"
"532",2006,"US-MI-12","49-15"
"533",2007,"US-MI-12","49-15"
"534",2008,"US-MI-12","49-15"
"535",2009,"US-MI-12","49-15"
"536",2010,"US-MI-12","49-15"
"537",2011,"US-MI-12","49-15"
"538",2012,"US-MI-12","49-15"
"539",2006,"US-MI-12","49-16"
"540",2007,"US-MI-12","49-16"
"541",2010,"US-MI-12","49-16"
"542",2004,"US-MI-12","49-16"
"543",2009,"US-MI-12","49-2"
"544",2010,"US-MI-12","49-2"
"545",2011,"US-MI-12","49-2"
"546",2012,"US-MI-12","49-2"
"547",2004,"US-MI-12","49-2"
"548",2004,"US-MI-12","49-23"
"549",2005,"US-MI-12","49-23"
"550",2006,"US-MI-12","49-23"
"551",2007,"US-MI-12","49-23"
"552",2008,"US-MI-12","49-23"
"553",2009,"US-MI-12","49-23"
"554",2010,"US-MI-12","49-23"
"555",2011,"US-MI-12","49-23"
"556",2012,"US-MI-12","49-23"
"557",2002,"US-MI-12","49-230"
"558",2003,"US-MI-12","49-230"
"559",2004,"US-MI-12","49-230"
"560",2005,"US-MI-12","49-230"
"561",2009,"US-MI-12","49-230"
"562",2010,"US-MI-12","49-230"
"563",2011,"US-MI-12","49-230"
"564",2010,"US-MI-12","49-24"
"565",2011,"US-MI-12","49-24"
"566",2002,"US-MI-12","49-24"
"567",2003,"US-MI-12","49-24"
"568",2004,"US-MI-12","49-24"
"569",2005,"US-MI-12","49-24"
"570",2006,"US-MI-12","49-24"
"571",2003,"US-MI-12","49-25"
"572",2004,"US-MI-12","49-25"
"573",2005,"US-MI-12","49-25"
"574",2006,"US-MI-12","49-25"
"575",2007,"US-MI-12","49-25"
"576",2008,"US-MI-12","49-25"
"577",2009,"US-MI-12","49-25"
"578",2010,"US-MI-12","49-25"
"579",2011,"US-MI-12","49-25"
"580",2012,"US-MI-12","49-25"
"581",2002,"US-MI-12","49-29"
"582",2004,"US-MI-12","49-29"
"583",2007,"US-MI-12","49-29"
"584",2010,"US-MI-12","49-29"
"585",2011,"US-MI-12","49-29"
"586",2012,"US-MI-12","49-4"
"587",2005,"US-MI-12","49-4"
"588",2007,"US-MI-12","49-4"
"589",2009,"US-MI-12","49-4"
"590",2002,"US-MI-12","49-4"
"591",2003,"US-MI-12","49-4"
"592",2004,"US-MI-12","49-4"
"593",2006,"US-MI-12","49-4"
"594",2006,"US-MI-12","49-40"
"595",2007,"US-MI-12","49-40"
"596",2008,"US-MI-12","49-40"
"597",2009,"US-MI-12","49-40"
"598",2010,"US-MI-12","49-40"
"599",2011,"US-MI-12","49-40"
"600",2012,"US-MI-12","49-40"
"601",2004,"US-MI-12","49-43"
"602",2011,"US-MI-12","49-47"
"603",2012,"US-MI-12","49-47"
"604",2004,"US-MI-12","49-47"
"605",2007,"US-MI-12","49-47"
"606",2008,"US-MI-12","49-5"
"607",2009,"US-MI-12","49-5"
"608",2010,"US-MI-12","49-5"
"609",2011,"US-MI-12","49-5"
"610",2012,"US-MI-12","49-5"
"611",2005,"US-MI-12","49-8"
"612",2008,"US-MI-12","49-8"
"613",2009,"US-MI-12","49-8"
"614",2011,"US-MI-12","49-8"
"615",2012,"US-MI-12","49-8"
"616",2011,"US-MN-12","50-139"
"617",2012,"US-MN-12","50-139"
"618",2005,"US-MN-12","50-139"
"619",2006,"US-MN-12","50-139"
"620",2007,"US-MN-12","50-139"
"621",2004,"US-MN-12","50-139"
"622",2011,"US-MN-12","50-140"
"623",2012,"US-MN-12","50-140"
"624",2004,"US-MN-12","50-140"
"625",2002,"US-MN-12","50-22"
"626",2004,"US-MN-12","50-22"
"627",2005,"US-MN-12","50-22"
"628",2007,"US-MN-12","50-22"
"629",2008,"US-MN-12","50-22"
"630",2009,"US-MN-12","50-22"
"631",2011,"US-MN-12","50-22"
"632",2012,"US-MN-12","50-22"
"633",2007,"US-MN-12","50-24"
"634",2008,"US-MN-12","50-24"
"635",2009,"US-MN-12","50-24"
"636",2010,"US-MN-12","50-24"
"637",2011,"US-MN-12","50-24"
"638",2012,"US-MN-12","50-24"
"639",2007,"US-MN-12","50-31"
"640",2008,"US-MN-12","50-31"
"641",2009,"US-MN-12","50-31"
"642",2010,"US-MN-12","50-31"
"643",2011,"US-MN-12","50-31"
"644",2012,"US-MN-12","50-31"
"645",2003,"US-MN-12","50-31"
"646",2004,"US-MN-12","50-31"
"647",2002,"US-MN-12","50-32"
"648",2003,"US-MN-12","50-32"
"649",2004,"US-MN-12","50-32"
"650",2005,"US-MN-12","50-32"
"651",2006,"US-MN-12","50-32"
"652",2007,"US-MN-12","50-32"
"653",2008,"US-MN-12","50-32"
"654",2009,"US-MN-12","50-32"
"655",2010,"US-MN-12","50-32"
"656",2011,"US-MN-12","50-32"
"657",2012,"US-MN-12","50-32"
"658",2002,"US-MN-12","50-33"
"659",2003,"US-MN-12","50-33"
"660",2004,"US-MN-12","50-33"
"661",2005,"US-MN-12","50-33"
"662",2006,"US-MN-12","50-33"
"663",2007,"US-MN-12","50-33"
"664",2008,"US-MN-12","50-33"
"665",2009,"US-MN-12","50-33"
"666",2010,"US-MN-12","50-33"
"667",2011,"US-MN-12","50-33"
"668",2012,"US-MN-12","50-33"
"669",2002,"US-MN-12","50-34"
"670",2003,"US-MN-12","50-34"
"671",2004,"US-MN-12","50-34"
"672",2005,"US-MN-12","50-34"
"673",2006,"US-MN-12","50-34"
"674",2007,"US-MN-12","50-34"
"675",2008,"US-MN-12","50-34"
"676",2009,"US-MN-12","50-34"
"677",2010,"US-MN-12","50-34"
"678",2011,"US-MN-12","50-34"
"679",2012,"US-MN-12","50-34"
"680",2002,"US-MN-12","50-35"
"681",2003,"US-MN-12","50-35"
"682",2004,"US-MN-12","50-35"
"683",2005,"US-MN-12","50-35"
"684",2006,"US-MN-12","50-35"
"685",2007,"US-MN-12","50-35"
"686",2008,"US-MN-12","50-35"
"687",2009,"US-MN-12","50-35"
"688",2010,"US-MN-12","50-35"
"689",2011,"US-MN-12","50-35"
"690",2012,"US-MN-12","50-35"
"691",2002,"US-MN-12","50-42"
"692",2003,"US-MN-12","50-42"
"693",2004,"US-MN-12","50-42"
"694",2005,"US-MN-12","50-42"
"695",2006,"US-MN-12","50-42"
"696",2007,"US-MN-12","50-42"
"697",2008,"US-MN-12","50-42"
"698",2009,"US-MN-12","50-42"
"699",2010,"US-MN-12","50-42"
"700",2011,"US-MN-12","50-42"
"701",2012,"US-MN-12","50-42"
"702",2010,"US-MN-12","50-45"
"703",2011,"US-MN-12","50-45"
"704",2012,"US-MN-12","50-45"
"705",2003,"US-MN-12","50-45"
"706",2004,"US-MN-12","50-45"
"707",2005,"US-MN-12","50-45"
"708",2002,"US-MN-12","50-68"
"709",2003,"US-MN-12","50-68"
"710",2004,"US-MN-12","50-68"
"711",2005,"US-MN-12","50-68"
"712",2006,"US-MN-12","50-68"
"713",2007,"US-MN-12","50-68"
"714",2008,"US-MN-12","50-68"
"715",2009,"US-MN-12","50-68"
"716",2010,"US-MN-12","50-68"
"717",2011,"US-MN-12","50-68"
"718",2006,"US-MN-12","50-71"
"719",2007,"US-MN-12","50-71"
"720",2008,"US-MN-12","50-71"
"721",2009,"US-MN-12","50-71"
"722",2010,"US-MN-12","50-71"
"723",2011,"US-MN-12","50-71"
"724",2012,"US-MN-12","50-71"
"725",2003,"US-MN-12","50-71"
"726",2004,"US-MN-12","50-71"
"727",2002,"US-MN-12","50-72"
"728",2003,"US-MN-12","50-72"
"729",2004,"US-MN-12","50-72"
"730",2005,"US-MN-12","50-72"
"731",2006,"US-MN-12","50-72"
"732",2007,"US-MN-12","50-72"
"733",2008,"US-MN-12","50-72"
"734",2009,"US-MN-12","50-72"
"735",2010,"US-MN-12","50-72"
"736",2011,"US-MN-12","50-72"
"737",2012,"US-MN-12","50-72"
"738",2002,"US-MN-12","50-73"
"739",2003,"US-MN-12","50-73"
"740",2004,"US-MN-12","50-73"
"741",2005,"US-MN-12","50-73"
"742",2006,"US-MN-12","50-73"
"743",2007,"US-MN-12","50-73"
"744",2008,"US-MN-12","50-73"
"745",2009,"US-MN-12","50-73"
"746",2010,"US-MN-12","50-74"
"747",2011,"US-MN-12","50-74"
"748",2012,"US-MN-12","50-74"
"749",2003,"US-MN-12","50-74"
"750",2010,"US-MN-12","50-75"
"751",2011,"US-MN-12","50-75"
"752",2005,"US-MN-12","50-75"
"753",2004,"US-MN-12","50-75"
"754",2007,"US-MN-12","50-78"
"755",2010,"US-MN-12","50-78"
"756",2011,"US-MN-12","50-78"
"757",2012,"US-MN-12","50-78"
"758",2004,"US-MN-12","50-78"
"759",2003,"US-MN-12","50-80"
"760",2005,"US-MN-12","50-80"
"761",2006,"US-MN-12","50-80"
"762",2007,"US-MN-12","50-80"
"763",2008,"US-MN-12","50-80"
"764",2009,"US-MN-12","50-80"
"765",2010,"US-MN-12","50-80"
"766",2012,"US-MN-12","50-80"
"767",2003,"CA-NB-14","56-1"
"768",2003,"CA-NB-14","56-10"
"769",2004,"CA-NB-14","56-101"
"770",2005,"CA-NB-14","56-101"
"771",2007,"CA-NB-14","56-101"
"772",2011,"CA-NB-14","56-101"
"773",2002,"CA-NB-14","56-105"
"774",2003,"CA-NB-14","56-105"
"775",2004,"CA-NB-14","56-105"
"776",2005,"CA-NB-14","56-105"
"777",2006,"CA-NB-14","56-105"
"778",2007,"CA-NB-14","56-105"
"779",2009,"CA-NB-14","56-105"
"780",2011,"CA-NB-14","56-105"
"781",2007,"CA-NB-14","56-137"
"782",2011,"CA-NB-14","56-137"
"783",2012,"CA-NB-14","56-137"
"784",2002,"CA-NB-14","56-137"
"785",2003,"CA-NB-14","56-137"
"786",2004,"CA-NB-14","56-137"
"787",2005,"CA-NB-14","56-137"
"788",2006,"CA-NB-14","56-137"
"789",2002,"CA-NB-14","56-14"
"790",2003,"CA-NB-14","56-14"
"791",2004,"CA-NB-14","56-14"
"792",2005,"CA-NB-14","56-14"
"793",2006,"CA-NB-14","56-14"
"794",2007,"CA-NB-14","56-14"
"795",2011,"CA-NB-14","56-14"
"796",2012,"CA-NB-14","56-14"
"797",2002,"CA-NB-14","56-15"
"798",2003,"CA-NB-14","56-15"
"799",2004,"CA-NB-14","56-15"
"800",2005,"CA-NB-14","56-15"
"801",2006,"CA-NB-14","56-15"
"802",2007,"CA-NB-14","56-15"
"803",2008,"CA-NB-14","56-15"
"804",2009,"CA-NB-14","56-15"
"805",2010,"CA-NB-14","56-15"
"806",2011,"CA-NB-14","56-15"
"807",2012,"CA-NB-14","56-15"
"808",2002,"CA-NB-14","56-16"
"809",2003,"CA-NB-14","56-16"
"810",2004,"CA-NB-14","56-16"
"811",2005,"CA-NB-14","56-16"
"812",2006,"CA-NB-14","56-16"
"813",2007,"CA-NB-14","56-16"
"814",2011,"CA-NB-14","56-16"
"815",2012,"CA-NB-14","56-16"
"816",2003,"CA-NB-14","56-2"
"817",2004,"CA-NB-14","56-2"
"818",2005,"CA-NB-14","56-2"
"819",2006,"CA-NB-14","56-2"
"820",2002,"CA-NB-14","56-21"
"821",2003,"CA-NB-14","56-21"
"822",2004,"CA-NB-14","56-21"
"823",2006,"CA-NB-14","56-21"
"824",2007,"CA-NB-14","56-21"
"825",2008,"CA-NB-14","56-21"
"826",2009,"CA-NB-14","56-21"
"827",2010,"CA-NB-14","56-21"
"828",2011,"CA-NB-14","56-21"
"829",2012,"CA-NB-14","56-21"
"830",2002,"CA-NB-14","56-22"
"831",2003,"CA-NB-14","56-22"
"832",2004,"CA-NB-14","56-22"
"833",2005,"CA-NB-14","56-22"
"834",2006,"CA-NB-14","56-22"
"835",2007,"CA-NB-14","56-22"
"836",2008,"CA-NB-14","56-22"
"837",2009,"CA-NB-14","56-22"
"838",2010,"CA-NB-14","56-22"
"839",2011,"CA-NB-14","56-22"
"840",2012,"CA-NB-14","56-22"
"841",2002,"CA-NB-14","56-24"
"842",2008,"CA-NB-14","56-24"
"843",2010,"CA-NB-14","56-25"
"844",2011,"CA-NB-14","56-25"
"845",2012,"CA-NB-14","56-25"
"846",2007,"CA-NB-14","56-25"
"847",2008,"CA-NB-14","56-25"
"848",2010,"CA-NB-14","56-26"
"849",2011,"CA-NB-14","56-26"
"850",2012,"CA-NB-14","56-26"
"851",2002,"CA-NB-14","56-26"
"852",2002,"CA-NB-14","56-29"
"853",2003,"CA-NB-14","56-29"
"854",2007,"CA-NB-14","56-29"
"855",2008,"CA-NB-14","56-29"
"856",2009,"CA-NB-14","56-29"
"857",2010,"CA-NB-14","56-29"
"858",2011,"CA-NB-14","56-29"
"859",2012,"CA-NB-14","56-29"
"860",2004,"CA-NB-14","56-31"
"861",2007,"CA-NB-14","56-31"
"862",2009,"CA-NB-14","56-31"
"863",2010,"CA-NB-14","56-31"
"864",2011,"CA-NB-14","56-31"
"865",2012,"CA-NB-14","56-31"
"866",2006,"CA-NB-14","56-32"
"867",2007,"CA-NB-14","56-32"
"868",2008,"CA-NB-14","56-32"
"869",2009,"CA-NB-14","56-32"
"870",2010,"CA-NB-14","56-32"
"871",2011,"CA-NB-14","56-32"
"872",2002,"CA-NB-14","56-33"
"873",2003,"CA-NB-14","56-33"
"874",2004,"CA-NB-14","56-33"
"875",2005,"CA-NB-14","56-33"
"876",2006,"CA-NB-14","56-33"
"877",2007,"CA-NB-14","56-33"
"878",2008,"CA-NB-14","56-33"
"879",2009,"CA-NB-14","56-33"
"880",2010,"CA-NB-14","56-33"
"881",2011,"CA-NB-14","56-33"
"882",2012,"CA-NB-14","56-33"
"883",2004,"CA-NB-14","56-34"
"884",2006,"CA-NB-14","56-34"
"885",2007,"CA-NB-14","56-34"
"886",2008,"CA-NB-14","56-34"
"887",2009,"CA-NB-14","56-34"
"888",2011,"CA-NB-14","56-34"
"889",2012,"CA-NB-14","56-34"
"890",2002,"CA-NB-14","56-34"
"891",2004,"CA-NB-14","56-37"
"892",2005,"CA-NB-14","56-37"
"893",2006,"CA-NB-14","56-37"
"894",2007,"CA-NB-14","56-37"
"895",2008,"CA-NB-14","56-37"
"896",2002,"CA-NB-14","56-40"
"897",2003,"CA-NB-14","56-40"
"898",2004,"CA-NB-14","56-40"
"899",2005,"CA-NB-14","56-40"
"900",2006,"CA-NB-14","56-40"
"901",2007,"CA-NB-14","56-40"
"902",2008,"CA-NB-14","56-40"
"903",2009,"CA-NB-14","56-40"
"904",2010,"CA-NB-14","56-40"
"905",2002,"CA-NB-14","56-41"
"906",2003,"CA-NB-14","56-41"
"907",2004,"CA-NB-14","56-41"
"908",2005,"CA-NB-14","56-41"
"909",2006,"CA-NB-14","56-41"
"910",2007,"CA-NB-14","56-41"
"911",2008,"CA-NB-14","56-41"
"912",2009,"CA-NB-14","56-41"
"913",2010,"CA-NB-14","56-41"
"914",2011,"CA-NB-14","56-41"
"915",2012,"CA-NB-14","56-41"
"916",2004,"CA-NB-14","56-42"
"917",2005,"CA-NB-14","56-42"
"918",2006,"CA-NB-14","56-42"
"919",2007,"CA-NB-14","56-42"
"920",2008,"CA-NB-14","56-42"
"921",2009,"CA-NB-14","56-42"
"922",2010,"CA-NB-14","56-42"
"923",2011,"CA-NB-14","56-42"
"924",2012,"CA-NB-14","56-42"
"925",2010,"CA-NB-14","56-7"
"926",2011,"CA-NB-14","56-7"
"927",2012,"CA-NB-14","56-7"
"928",2002,"CA-NB-14","56-9"
"929",2003,"CA-NB-14","56-9"
"930",2004,"CA-NB-14","56-9"
"931",2005,"CA-NB-14","56-9"
"932",2006,"CA-NB-14","56-9"
"933",2007,"CA-NB-14","56-9"
"934",2009,"CA-NB-14","56-9"
"935",2010,"CA-NB-14","56-9"
"936",2011,"CA-NB-14","56-9"
"937",2012,"CA-NB-14","56-9"
"938",2003,"US-NH-14","58-11"
"939",2004,"US-NH-14","58-11"
"940",2005,"US-NH-14","58-11"
"941",2006,"US-NH-14","58-11"
"942",2007,"US-NH-14","58-11"
"943",2008,"US-NH-14","58-11"
"944",2009,"US-NH-14","58-11"
"945",2010,"US-NH-14","58-11"
"946",2011,"US-NH-14","58-11"
"947",2012,"US-NH-14","58-11"
"948",2002,"US-NH-14","58-116"
"949",2003,"US-NH-14","58-116"
"950",2004,"US-NH-14","58-116"
"951",2006,"US-NH-14","58-116"
"952",2007,"US-NH-14","58-116"
"953",2008,"US-NH-14","58-116"
"954",2009,"US-NH-14","58-116"
"955",2010,"US-NH-14","58-116"
"956",2011,"US-NH-14","58-116"
"957",2012,"US-NH-14","58-116"
"958",2003,"US-NH-14","58-14"
"959",2004,"US-NH-14","58-14"
"960",2005,"US-NH-14","58-14"
"961",2006,"US-NH-14","58-14"
"962",2007,"US-NH-14","58-14"
"963",2008,"US-NH-14","58-14"
"964",2009,"US-NH-14","58-14"
"965",2010,"US-NH-14","58-14"
"966",2011,"US-NH-14","58-14"
"967",2012,"US-NH-14","58-14"
"968",2002,"US-NH-14","58-14"
"969",2002,"US-NH-14","58-15"
"970",2003,"US-NH-14","58-15"
"971",2004,"US-NH-14","58-15"
"972",2005,"US-NH-14","58-15"
"973",2006,"US-NH-14","58-15"
"974",2007,"US-NH-14","58-15"
"975",2008,"US-NH-14","58-15"
"976",2009,"US-NH-14","58-15"
"977",2010,"US-NH-14","58-15"
"978",2011,"US-NH-14","58-15"
"979",2012,"US-NH-14","58-15"
"980",2010,"US-NH-14","58-17"
"981",2011,"US-NH-14","58-17"
"982",2012,"US-NH-14","58-17"
"983",2002,"US-NH-14","58-17"
"984",2003,"US-NH-14","58-17"
"985",2004,"US-NH-14","58-17"
"986",2005,"US-NH-14","58-17"
"987",2006,"US-NH-14","58-17"
"988",2007,"US-NH-14","58-17"
"989",2008,"US-NH-14","58-17"
"990",2009,"US-NH-14","58-17"
"991",2012,"US-NH-14","58-18"
"992",2002,"US-NH-14","58-18"
"993",2003,"US-NH-14","58-18"
"994",2004,"US-NH-14","58-18"
"995",2005,"US-NH-14","58-18"
"996",2006,"US-NH-14","58-18"
"997",2007,"US-NH-14","58-18"
"998",2008,"US-NH-14","58-18"
"999",2009,"US-NH-14","58-18"
"1000",2010,"US-NH-14","58-18"
"1001",2002,"US-NH-14","58-19"
"1002",2003,"US-NH-14","58-19"
"1003",2004,"US-NH-14","58-19"
"1004",2005,"US-NH-14","58-19"
"1005",2006,"US-NH-14","58-19"
"1006",2007,"US-NH-14","58-19"
"1007",2008,"US-NH-14","58-19"
"1008",2009,"US-NH-14","58-19"
"1009",2010,"US-NH-14","58-19"
"1010",2011,"US-NH-14","58-19"
"1011",2012,"US-NH-14","58-19"
"1012",2002,"US-NH-14","58-20"
"1013",2003,"US-NH-14","58-20"
"1014",2004,"US-NH-14","58-20"
"1015",2006,"US-NH-14","58-20"
"1016",2007,"US-NH-14","58-20"
"1017",2008,"US-NH-14","58-20"
"1018",2009,"US-NH-14","58-20"
"1019",2010,"US-NH-14","58-20"
"1020",2011,"US-NH-14","58-20"
"1021",2012,"US-NH-14","58-20"
"1022",2002,"US-NH-14","58-21"
"1023",2003,"US-NH-14","58-21"
"1024",2004,"US-NH-14","58-21"
"1025",2005,"US-NH-14","58-21"
"1026",2006,"US-NH-14","58-21"
"1027",2007,"US-NH-14","58-21"
"1028",2008,"US-NH-14","58-21"
"1029",2009,"US-NH-14","58-21"
"1030",2010,"US-NH-14","58-21"
"1031",2011,"US-NH-14","58-21"
"1032",2012,"US-NH-14","58-21"
"1033",2011,"US-NH-14","58-22"
"1034",2012,"US-NH-14","58-22"
"1035",2004,"US-NH-14","58-22"
"1036",2005,"US-NH-14","58-22"
"1037",2006,"US-NH-14","58-22"
"1038",2007,"US-NH-14","58-22"
"1039",2008,"US-NH-14","58-22"
"1040",2009,"US-NH-14","58-22"
"1041",2010,"US-NH-14","58-22"
"1042",2003,"US-NH-14","58-22"
"1043",2003,"US-NH-14","58-7"
"1044",2004,"US-NH-14","58-7"
"1045",2005,"US-NH-14","58-7"
"1046",2006,"US-NH-14","58-7"
"1047",2007,"US-NH-14","58-7"
"1048",2008,"US-NH-14","58-7"
"1049",2009,"US-NH-14","58-7"
"1050",2010,"US-NH-14","58-7"
"1051",2011,"US-NH-14","58-7"
"1052",2012,"US-NH-14","58-7"
"1053",2002,"US-NH-14","58-7"
"1054",2002,"US-NH-14","58-9"
"1055",2003,"US-NH-14","58-9"
"1056",2004,"US-NH-14","58-9"
"1057",2005,"US-NH-14","58-9"
"1058",2006,"US-NH-14","58-9"
"1059",2007,"US-NH-14","58-9"
"1060",2008,"US-NH-14","58-9"
"1061",2009,"US-NH-14","58-9"
"1062",2010,"US-NH-14","58-9"
"1063",2011,"US-NH-14","58-9"
"1064",2012,"US-NH-14","58-9"
"1065",2002,"US-NY-14","61-100"
"1066",2003,"US-NY-14","61-100"
"1067",2004,"US-NY-14","61-100"
"1068",2005,"US-NY-14","61-100"
"1069",2006,"US-NY-14","61-100"
"1070",2007,"US-NY-14","61-100"
"1071",2008,"US-NY-14","61-100"
"1072",2009,"US-NY-14","61-100"
"1073",2010,"US-NY-14","61-100"
"1074",2011,"US-NY-14","61-100"
"1075",2012,"US-NY-14","61-100"
"1076",2005,"US-NY-13","61-102"
"1077",2006,"US-NY-13","61-102"
"1078",2007,"US-NY-13","61-102"
"1079",2008,"US-NY-13","61-102"
"1080",2009,"US-NY-13","61-102"
"1081",2010,"US-NY-13","61-102"
"1082",2011,"US-NY-13","61-102"
"1083",2012,"US-NY-13","61-102"
"1084",2002,"US-NY-14","61-107"
"1085",2003,"US-NY-14","61-107"
"1086",2004,"US-NY-14","61-107"
"1087",2005,"US-NY-14","61-107"
"1088",2006,"US-NY-14","61-107"
"1089",2004,"US-NY-13","61-108"
"1090",2005,"US-NY-13","61-108"
"1091",2006,"US-NY-13","61-108"
"1092",2005,"US-NY-14","61-112"
"1093",2006,"US-NY-14","61-112"
"1094",2002,"US-NY-28","61-121"
"1095",2003,"US-NY-28","61-121"
"1096",2005,"US-NY-28","61-121"
"1097",2006,"US-NY-28","61-121"
"1098",2007,"US-NY-28","61-121"
"1099",2008,"US-NY-28","61-121"
"1100",2009,"US-NY-28","61-121"
"1101",2010,"US-NY-28","61-121"
"1102",2011,"US-NY-28","61-121"
"1103",2012,"US-NY-28","61-121"
"1104",2004,"US-NY-28","61-121"
"1105",2002,"US-NY-28","61-123"
"1106",2003,"US-NY-28","61-123"
"1107",2004,"US-NY-28","61-123"
"1108",2005,"US-NY-28","61-123"
"1109",2006,"US-NY-28","61-123"
"1110",2007,"US-NY-28","61-123"
"1111",2008,"US-NY-28","61-123"
"1112",2009,"US-NY-28","61-123"
"1113",2010,"US-NY-28","61-123"
"1114",2011,"US-NY-28","61-123"
"1115",2012,"US-NY-28","61-123"
"1116",2002,"US-NY-28","61-136"
"1117",2003,"US-NY-28","61-136"
"1118",2004,"US-NY-28","61-136"
"1119",2005,"US-NY-28","61-136"
"1120",2006,"US-NY-28","61-136"
"1121",2007,"US-NY-28","61-136"
"1122",2008,"US-NY-28","61-136"
"1123",2009,"US-NY-28","61-136"
"1124",2010,"US-NY-28","61-136"
"1125",2011,"US-NY-28","61-136"
"1126",2012,"US-NY-28","61-136"
"1127",2002,"US-NY-13","61-16"
"1128",2003,"US-NY-13","61-16"
"1129",2004,"US-NY-13","61-16"
"1130",2005,"US-NY-13","61-16"
"1131",2006,"US-NY-13","61-16"
"1132",2007,"US-NY-13","61-16"
"1133",2008,"US-NY-13","61-16"
"1134",2005,"US-NY-14","61-17"
"1135",2006,"US-NY-14","61-17"
"1136",2009,"US-NY-14","61-17"
"1137",2010,"US-NY-14","61-17"
"1138",2012,"US-NY-14","61-17"
"1139",2002,"US-NY-14","61-199"
"1140",2003,"US-NY-14","61-199"
"1141",2004,"US-NY-14","61-199"
"1142",2005,"US-NY-14","61-199"
"1143",2006,"US-NY-14","61-199"
"1144",2007,"US-NY-14","61-199"
"1145",2008,"US-NY-14","61-199"
"1146",2009,"US-NY-14","61-199"
"1147",2010,"US-NY-14","61-199"
"1148",2011,"US-NY-14","61-199"
"1149",2012,"US-NY-14","61-199"
"1150",2006,"US-NY-14","61-206"
"1151",2007,"US-NY-14","61-206"
"1152",2009,"US-NY-14","61-206"
"1153",2003,"US-NY-28","61-24"
"1154",2004,"US-NY-28","61-24"
"1155",2005,"US-NY-28","61-24"
"1156",2006,"US-NY-28","61-24"
"1157",2007,"US-NY-28","61-24"
"1158",2008,"US-NY-28","61-24"
"1159",2009,"US-NY-28","61-24"
"1160",2010,"US-NY-28","61-24"
"1161",2011,"US-NY-28","61-24"
"1162",2012,"US-NY-28","61-24"
"1163",2004,"US-NY-28","61-27"
"1164",2005,"US-NY-28","61-27"
"1165",2006,"US-NY-28","61-27"
"1166",2007,"US-NY-28","61-27"
"1167",2008,"US-NY-28","61-27"
"1168",2009,"US-NY-28","61-27"
"1169",2010,"US-NY-28","61-27"
"1170",2011,"US-NY-28","61-27"
"1171",2012,"US-NY-28","61-27"
"1172",2002,"US-NY-28","61-27"
"1173",2008,"US-NY-28","61-29"
"1174",2009,"US-NY-28","61-29"
"1175",2010,"US-NY-28","61-29"
"1176",2011,"US-NY-28","61-29"
"1177",2012,"US-NY-28","61-29"
"1178",2002,"US-NY-28","61-29"
"1179",2003,"US-NY-28","61-29"
"1180",2004,"US-NY-28","61-29"
"1181",2005,"US-NY-28","61-29"
"1182",2006,"US-NY-28","61-29"
"1183",2007,"US-NY-28","61-29"
"1184",2002,"US-NY-28","61-30"
"1185",2003,"US-NY-28","61-30"
"1186",2004,"US-NY-28","61-30"
"1187",2005,"US-NY-28","61-30"
"1188",2006,"US-NY-28","61-30"
"1189",2007,"US-NY-28","61-30"
"1190",2008,"US-NY-28","61-30"
"1191",2009,"US-NY-28","61-30"
"1192",2010,"US-NY-28","61-30"
"1193",2011,"US-NY-28","61-30"
"1194",2003,"US-NY-14","61-301"
"1195",2006,"US-NY-14","61-301"
"1196",2007,"US-NY-14","61-301"
"1197",2008,"US-NY-14","61-301"
"1198",2011,"US-NY-14","61-301"
"1199",2012,"US-NY-14","61-301"
"1200",2002,"US-NY-28","61-31"
"1201",2003,"US-NY-28","61-31"
"1202",2004,"US-NY-28","61-31"
"1203",2005,"US-NY-28","61-31"
"1204",2006,"US-NY-28","61-31"
"1205",2007,"US-NY-28","61-31"
"1206",2008,"US-NY-28","61-31"
"1207",2009,"US-NY-28","61-31"
"1208",2010,"US-NY-28","61-31"
"1209",2011,"US-NY-28","61-31"
"1210",2012,"US-NY-28","61-31"
"1211",2005,"US-NY-28","61-32"
"1212",2006,"US-NY-28","61-32"
"1213",2007,"US-NY-28","61-32"
"1214",2008,"US-NY-28","61-32"
"1215",2010,"US-NY-28","61-32"
"1216",2011,"US-NY-28","61-32"
"1217",2012,"US-NY-28","61-32"
"1218",2007,"US-NY-28","61-33"
"1219",2008,"US-NY-28","61-33"
"1220",2009,"US-NY-28","61-33"
"1221",2010,"US-NY-28","61-33"
"1222",2011,"US-NY-28","61-33"
"1223",2012,"US-NY-28","61-33"
"1224",2002,"US-NY-28","61-34"
"1225",2003,"US-NY-28","61-34"
"1226",2004,"US-NY-28","61-34"
"1227",2005,"US-NY-28","61-34"
"1228",2006,"US-NY-28","61-34"
"1229",2007,"US-NY-28","61-34"
"1230",2008,"US-NY-28","61-34"
"1231",2009,"US-NY-28","61-34"
"1232",2010,"US-NY-28","61-34"
"1233",2011,"US-NY-28","61-34"
"1234",2012,"US-NY-28","61-34"
"1235",2002,"US-NY-28","61-38"
"1236",2003,"US-NY-28","61-38"
"1237",2004,"US-NY-28","61-38"
"1238",2005,"US-NY-28","61-38"
"1239",2006,"US-NY-28","61-38"
"1240",2007,"US-NY-28","61-38"
"1241",2008,"US-NY-28","61-38"
"1242",2009,"US-NY-28","61-38"
"1243",2010,"US-NY-28","61-38"
"1244",2011,"US-NY-28","61-38"
"1245",2002,"US-NY-28","61-45"
"1246",2003,"US-NY-28","61-45"
"1247",2004,"US-NY-28","61-45"
"1248",2005,"US-NY-28","61-45"
"1249",2006,"US-NY-28","61-45"
"1250",2007,"US-NY-28","61-45"
"1251",2008,"US-NY-28","61-45"
"1252",2009,"US-NY-28","61-45"
"1253",2010,"US-NY-28","61-45"
"1254",2011,"US-NY-28","61-45"
"1255",2012,"US-NY-28","61-45"
"1256",2002,"US-NY-28","61-46"
"1257",2003,"US-NY-28","61-46"
"1258",2004,"US-NY-28","61-46"
"1259",2005,"US-NY-28","61-46"
"1260",2007,"US-NY-28","61-46"
"1261",2004,"US-NY-13","61-50"
"1262",2005,"US-NY-13","61-50"
"1263",2006,"US-NY-13","61-50"
"1264",2007,"US-NY-13","61-50"
"1265",2008,"US-NY-13","61-50"
"1266",2009,"US-NY-13","61-50"
"1267",2010,"US-NY-13","61-50"
"1268",2011,"US-NY-13","61-50"
"1269",2012,"US-NY-13","61-50"
"1270",2007,"US-NY-13","61-62"
"1271",2008,"US-NY-13","61-62"
"1272",2009,"US-NY-13","61-62"
"1273",2010,"US-NY-13","61-62"
"1274",2011,"US-NY-13","61-62"
"1275",2002,"US-NY-14","61-73"
"1276",2003,"US-NY-14","61-73"
"1277",2004,"US-NY-14","61-73"
"1278",2006,"US-NY-14","61-73"
"1279",2007,"US-NY-14","61-73"
"1280",2008,"US-NY-14","61-73"
"1281",2009,"US-NY-14","61-73"
"1282",2010,"US-NY-14","61-73"
"1283",2012,"US-NY-14","61-73"
"1284",2006,"US-NY-14","61-75"
"1285",2007,"US-NY-14","61-75"
"1286",2009,"US-NY-14","61-75"
"1287",2010,"US-NY-14","61-75"
"1288",2011,"US-NY-14","61-75"
"1289",2012,"US-NY-14","61-75"
"1290",2002,"US-NY-14","61-75"
"1291",2003,"US-NY-14","61-75"
"1292",2004,"US-NY-14","61-75"
"1293",2005,"US-NY-14","61-75"
"1294",2002,"US-NY-14","61-76"
"1295",2006,"US-NY-14","61-76"
"1296",2005,"US-NY-14","61-81"
"1297",2006,"US-NY-14","61-81"
"1298",2007,"US-NY-14","61-81"
"1299",2008,"US-NY-14","61-81"
"1300",2009,"US-NY-14","61-81"
"1301",2010,"US-NY-14","61-81"
"1302",2005,"US-NY-14","61-83"
"1303",2006,"US-NY-14","61-83"
"1304",2007,"US-NY-14","61-83"
"1305",2008,"US-NY-14","61-83"
"1306",2009,"US-NY-14","61-83"
"1307",2010,"US-NY-14","61-83"
"1308",2009,"US-NY-14","61-84"
"1309",2010,"US-NY-14","61-84"
"1310",2011,"US-NY-14","61-84"
"1311",2012,"US-NY-14","61-84"
"1312",2002,"US-NY-14","61-84"
"1313",2004,"US-NY-14","61-84"
"1314",2006,"US-NY-14","61-84"
"1315",2007,"US-NY-14","61-84"
"1316",2006,"US-NY-14","61-85"
"1317",2007,"US-NY-14","61-85"
"1318",2008,"US-NY-14","61-85"
"1319",2009,"US-NY-14","61-85"
"1320",2011,"US-NY-14","61-85"
"1321",2012,"US-NY-14","61-85"
"1322",2002,"US-NY-14","61-87"
"1323",2005,"US-NY-14","61-87"
"1324",2009,"US-NY-14","61-87"
"1325",2010,"US-NY-14","61-87"
"1326",2011,"US-NY-14","61-87"
"1327",2002,"US-NY-14","61-88"
"1328",2004,"US-NY-14","61-88"
"1329",2006,"US-NY-14","61-88"
"1330",2007,"US-NY-14","61-88"
"1331",2004,"US-NY-14","61-92"
"1332",2005,"US-NY-14","61-92"
"1333",2006,"US-NY-14","61-92"
"1334",2007,"US-NY-14","61-92"
"1335",2009,"US-NY-14","61-92"
"1336",2010,"US-NY-14","61-92"
"1337",2011,"US-NY-14","61-92"
"1338",2002,"US-NY-14","61-93"
"1339",2003,"US-NY-14","61-93"
"1340",2004,"US-NY-14","61-93"
"1341",2005,"US-NY-14","61-93"
"1342",2006,"US-NY-14","61-93"
"1343",2007,"US-NY-14","61-93"
"1344",2008,"US-NY-14","61-93"
"1345",2009,"US-NY-14","61-93"
"1346",2010,"US-NY-14","61-93"
"1347",2011,"US-NY-14","61-93"
"1348",2012,"US-NY-14","61-93"
"1349",2002,"US-NY-14","61-97"
"1350",2003,"US-NY-14","61-97"
"1351",2004,"US-NY-14","61-97"
"1352",2005,"US-NY-14","61-97"
"1353",2006,"US-NY-14","61-97"
"1354",2008,"US-NY-14","61-97"
"1355",2009,"US-NY-14","61-97"
"1356",2010,"US-NY-14","61-97"
"1357",2011,"US-NY-14","61-97"
"1358",2012,"US-NY-14","61-97"
"1359",2007,"US-NY-14","61-98"
"1360",2008,"US-NY-14","61-98"
"1362",2009,"US-NY-14","61-98"
"1363",2010,"US-NY-14","61-98"
"1364",2011,"US-NY-14","61-98"
"1365",2012,"US-NY-14","61-98"
"1366",2002,"US-NC-28","63-228"
"1367",2003,"US-NC-28","63-228"
"1368",2004,"US-NC-28","63-228"
"1369",2005,"US-NC-28","63-228"
"1370",2006,"US-NC-28","63-228"
"1371",2007,"US-NC-28","63-228"
"1372",2008,"US-NC-28","63-228"
"1373",2009,"US-NC-28","63-228"
"1374",2010,"US-NC-28","63-228"
"1375",2011,"US-NC-28","63-228"
"1376",2012,"US-NC-28","63-228"
"1377",2005,"US-NC-28","63-308"
"1378",2006,"US-NC-28","63-308"
"1379",2007,"US-NC-28","63-308"
"1380",2008,"US-NC-28","63-308"
"1381",2009,"US-NC-28","63-308"
"1382",2010,"US-NC-28","63-308"
"1383",2011,"US-NC-28","63-308"
"1384",2012,"US-NC-28","63-308"
"1385",2002,"US-NC-28","63-308"
"1386",2003,"US-NC-28","63-308"
"1387",2004,"US-NC-28","63-308"
"1388",2002,"US-NC-28","63-31"
"1389",2003,"US-NC-28","63-31"
"1390",2004,"US-NC-28","63-31"
"1391",2005,"US-NC-28","63-31"
"1392",2007,"US-NC-28","63-31"
"1393",2008,"US-NC-28","63-31"
"1394",2010,"US-NC-28","63-31"
"1395",2011,"US-NC-28","63-31"
"1396",2012,"US-NC-28","63-31"
"1397",2008,"CA-ON-13","68-121"
"1398",2002,"CA-ON-12","68-127"
"1399",2003,"CA-ON-12","68-127"
"1400",2004,"CA-ON-12","68-127"
"1401",2005,"CA-ON-12","68-127"
"1402",2006,"CA-ON-12","68-127"
"1403",2007,"CA-ON-12","68-127"
"1404",2008,"CA-ON-12","68-127"
"1405",2009,"CA-ON-12","68-127"
"1406",2010,"CA-ON-12","68-127"
"1407",2011,"CA-ON-12","68-127"
"1408",2012,"CA-ON-12","68-127"
"1409",2002,"CA-ON-12","68-142"
"1410",2003,"CA-ON-12","68-142"
"1411",2004,"CA-ON-12","68-142"
"1412",2005,"CA-ON-12","68-142"
"1413",2006,"CA-ON-12","68-142"
"1414",2007,"CA-ON-12","68-142"
"1415",2008,"CA-ON-12","68-142"
"1416",2009,"CA-ON-12","68-142"
"1417",2010,"CA-ON-12","68-142"
"1418",2011,"CA-ON-12","68-142"
"1419",2012,"CA-ON-12","68-142"
"1420",2009,"CA-ON-12","68-143"
"1421",2002,"CA-ON-12","68-143"
"1422",2006,"CA-ON-12","68-144"
"1423",2007,"CA-ON-12","68-144"
"1424",2008,"CA-ON-12","68-144"
"1425",2009,"CA-ON-12","68-144"
"1426",2010,"CA-ON-12","68-144"
"1427",2012,"CA-ON-12","68-144"
"1428",2002,"CA-ON-13","68-15"
"1429",2003,"CA-ON-13","68-15"
"1430",2004,"CA-ON-13","68-15"
"1431",2005,"CA-ON-13","68-15"
"1432",2006,"CA-ON-13","68-15"
"1433",2007,"CA-ON-13","68-15"
"1434",2008,"CA-ON-13","68-15"
"1435",2009,"CA-ON-13","68-15"
"1436",2010,"CA-ON-13","68-15"
"1437",2011,"CA-ON-13","68-15"
"1438",2012,"CA-ON-13","68-15"
"1439",2002,"CA-ON-13","68-18"
"1440",2003,"CA-ON-13","68-18"
"1441",2004,"CA-ON-13","68-18"
"1442",2005,"CA-ON-13","68-18"
"1443",2006,"CA-ON-13","68-18"
"1444",2007,"CA-ON-13","68-18"
"1445",2008,"CA-ON-13","68-18"
"1446",2009,"CA-ON-13","68-18"
"1447",2010,"CA-ON-13","68-18"
"1448",2011,"CA-ON-13","68-18"
"1449",2012,"CA-ON-13","68-18"
"1450",2002,"CA-ON-13","68-207"
"1451",2003,"CA-ON-13","68-207"
"1452",2004,"CA-ON-13","68-207"
"1453",2005,"CA-ON-13","68-207"
"1454",2006,"CA-ON-13","68-207"
"1455",2007,"CA-ON-13","68-207"
"1456",2008,"CA-ON-13","68-207"
"1457",2009,"CA-ON-13","68-207"
"1458",2010,"CA-ON-13","68-207"
"1459",2011,"CA-ON-13","68-207"
"1460",2012,"CA-ON-13","68-207"
"1461",2002,"CA-ON-13","68-211"
"1462",2003,"CA-ON-13","68-211"
"1463",2005,"CA-ON-13","68-211"
"1464",2006,"CA-ON-13","68-211"
"1465",2007,"CA-ON-13","68-211"
"1466",2008,"CA-ON-13","68-211"
"1467",2009,"CA-ON-13","68-211"
"1468",2010,"CA-ON-13","68-211"
"1469",2011,"CA-ON-13","68-211"
"1470",2012,"CA-ON-13","68-211"
"1471",2002,"CA-ON-12","68-213"
"1472",2003,"CA-ON-12","68-213"
"1473",2005,"CA-ON-12","68-213"
"1474",2006,"CA-ON-12","68-213"
"1475",2008,"CA-ON-12","68-213"
"1476",2010,"CA-ON-12","68-213"
"1477",2011,"CA-ON-12","68-213"
"1478",2006,"CA-ON-12","68-215"
"1479",2008,"CA-ON-12","68-215"
"1480",2009,"CA-ON-12","68-215"
"1481",2010,"CA-ON-12","68-215"
"1482",2011,"CA-ON-12","68-215"
"1483",2012,"CA-ON-12","68-215"
"1484",2003,"CA-ON-12","68-215"
"1485",2004,"CA-ON-12","68-215"
"1486",2002,"CA-ON-12","68-218"
"1487",2003,"CA-ON-12","68-218"
"1488",2004,"CA-ON-12","68-218"
"1489",2005,"CA-ON-12","68-218"
"1490",2006,"CA-ON-12","68-218"
"1491",2007,"CA-ON-12","68-218"
"1492",2008,"CA-ON-12","68-218"
"1493",2009,"CA-ON-12","68-218"
"1494",2010,"CA-ON-12","68-218"
"1495",2011,"CA-ON-12","68-218"
"1496",2012,"CA-ON-12","68-218"
"1497",2002,"CA-ON-13","68-220"
"1498",2003,"CA-ON-13","68-220"
"1499",2004,"CA-ON-13","68-220"
"1500",2005,"CA-ON-13","68-220"
"1501",2006,"CA-ON-13","68-220"
"1502",2007,"CA-ON-13","68-220"
"1503",2008,"CA-ON-13","68-220"
"1504",2009,"CA-ON-13","68-220"
"1505",2010,"CA-ON-13","68-220"
"1506",2012,"CA-ON-13","68-220"
"1507",2002,"CA-ON-12","68-226"
"1508",2004,"CA-ON-12","68-226"
"1509",2005,"CA-ON-12","68-226"
"1510",2006,"CA-ON-12","68-226"
"1511",2007,"CA-ON-12","68-226"
"1512",2008,"CA-ON-12","68-226"
"1513",2009,"CA-ON-12","68-226"
"1514",2011,"CA-ON-12","68-226"
"1515",2007,"CA-ON-12","68-228"
"1516",2008,"CA-ON-12","68-228"
"1517",2009,"CA-ON-12","68-228"
"1518",2010,"CA-ON-12","68-228"
"1519",2011,"CA-ON-12","68-228"
"1520",2012,"CA-ON-12","68-228"
"1521",2002,"CA-ON-13","68-23"
"1522",2003,"CA-ON-13","68-23"
"1523",2004,"CA-ON-13","68-23"
"1524",2005,"CA-ON-13","68-23"
"1525",2006,"CA-ON-13","68-23"
"1526",2007,"CA-ON-13","68-23"
"1527",2008,"CA-ON-13","68-23"
"1528",2009,"CA-ON-13","68-23"
"1529",2002,"CA-ON-12","68-241"
"1530",2003,"CA-ON-12","68-241"
"1531",2004,"CA-ON-12","68-241"
"1532",2005,"CA-ON-12","68-241"
"1533",2007,"CA-ON-12","68-241"
"1534",2006,"CA-ON-12","68-244"
"1535",2007,"CA-ON-12","68-244"
"1536",2009,"CA-ON-12","68-244"
"1537",2010,"CA-ON-12","68-244"
"1538",2007,"CA-ON-12","68-248"
"1539",2008,"CA-ON-12","68-248"
"1540",2010,"CA-ON-12","68-248"
"1541",2011,"CA-ON-12","68-248"
"1542",2012,"CA-ON-12","68-248"
"1543",2005,"CA-ON-12","68-251"
"1544",2006,"CA-ON-12","68-251"
"1545",2007,"CA-ON-12","68-251"
"1546",2008,"CA-ON-12","68-251"
"1547",2009,"CA-ON-12","68-251"
"1548",2010,"CA-ON-12","68-251"
"1549",2011,"CA-ON-12","68-251"
"1550",2012,"CA-ON-12","68-251"
"1551",2003,"CA-ON-12","68-251"
"1552",2004,"CA-ON-12","68-251"
"1553",2007,"CA-ON-12","68-252"
"1554",2008,"CA-ON-12","68-252"
"1555",2009,"CA-ON-12","68-252"
"1556",2010,"CA-ON-12","68-252"
"1557",2011,"CA-ON-12","68-252"
"1558",2012,"CA-ON-12","68-252"
"1559",2002,"CA-ON-12","68-252"
"1560",2003,"CA-ON-12","68-252"
"1561",2004,"CA-ON-12","68-253"
"1562",2006,"CA-ON-12","68-253"
"1563",2007,"CA-ON-12","68-253"
"1564",2007,"CA-ON-8","68-255"
"1565",2010,"CA-ON-8","68-259"
"1566",2002,"CA-ON-12","68-26"
"1567",2003,"CA-ON-12","68-26"
"1568",2004,"CA-ON-12","68-26"
"1569",2005,"CA-ON-12","68-26"
"1570",2006,"CA-ON-12","68-26"
"1571",2007,"CA-ON-12","68-26"
"1572",2008,"CA-ON-12","68-26"
"1573",2009,"CA-ON-12","68-26"
"1574",2010,"CA-ON-12","68-26"
"1575",2011,"CA-ON-12","68-26"
"1576",2012,"CA-ON-12","68-26"
"1577",2003,"CA-ON-8","68-260"
"1578",2006,"CA-ON-8","68-261"
"1579",2003,"CA-ON-8","68-268"
"1580",2012,"CA-ON-8","68-268"
"1581",2010,"CA-ON-8","68-275"
"1582",2011,"CA-ON-8","68-275"
"1583",2012,"CA-ON-8","68-275"
"1584",2006,"CA-ON-12","68-277"
"1585",2007,"CA-ON-12","68-277"
"1586",2009,"CA-ON-12","68-277"
"1587",2010,"CA-ON-12","68-277"
"1588",2012,"CA-ON-12","68-277"
"1589",2006,"CA-ON-12","68-278"
"1590",2007,"CA-ON-12","68-278"
"1591",2008,"CA-ON-12","68-278"
"1592",2009,"CA-ON-12","68-278"
"1593",2010,"CA-ON-12","68-278"
"1594",2011,"CA-ON-12","68-278"
"1595",2012,"CA-ON-12","68-278"
"1596",2002,"CA-ON-12","68-28"
"1597",2003,"CA-ON-12","68-28"
"1598",2004,"CA-ON-12","68-28"
"1599",2005,"CA-ON-12","68-28"
"1600",2006,"CA-ON-12","68-28"
"1601",2007,"CA-ON-12","68-28"
"1602",2008,"CA-ON-12","68-28"
"1603",2009,"CA-ON-12","68-28"
"1604",2010,"CA-ON-12","68-28"
"1605",2012,"CA-ON-12","68-28"
"1606",2009,"CA-ON-8","68-280"
"1607",2009,"CA-ON-8","68-281"
"1608",2010,"CA-ON-8","68-281"
"1609",2011,"CA-ON-8","68-281"
"1610",2010,"CA-ON-8","68-285"
"1611",2011,"CA-ON-8","68-285"
"1612",2012,"CA-ON-8","68-285"
"1613",2010,"CA-ON-8","68-286"
"1614",2012,"CA-ON-8","68-286"
"1615",2006,"CA-ON-12","68-292"
"1616",2007,"CA-ON-12","68-292"
"1617",2009,"CA-ON-12","68-292"
"1618",2010,"CA-ON-12","68-292"
"1619",2012,"CA-ON-12","68-292"
"1620",2004,"CA-ON-12","68-294"
"1621",2005,"CA-ON-12","68-294"
"1622",2006,"CA-ON-12","68-294"
"1623",2007,"CA-ON-12","68-294"
"1624",2008,"CA-ON-12","68-294"
"1625",2010,"CA-ON-12","68-294"
"1626",2011,"CA-ON-12","68-294"
"1627",2006,"CA-ON-13","68-297"
"1628",2007,"CA-ON-13","68-297"
"1629",2008,"CA-ON-13","68-297"
"1630",2002,"CA-ON-13","68-297"
"1631",2003,"CA-ON-13","68-297"
"1632",2004,"CA-ON-13","68-297"
"1633",2005,"CA-ON-13","68-297"
"1634",2009,"CA-ON-13","68-297"
"1635",2002,"CA-ON-13","68-298"
"1636",2003,"CA-ON-13","68-298"
"1637",2004,"CA-ON-13","68-298"
"1638",2005,"CA-ON-13","68-298"
"1639",2006,"CA-ON-13","68-298"
"1640",2007,"CA-ON-13","68-298"
"1641",2008,"CA-ON-13","68-298"
"1642",2009,"CA-ON-13","68-298"
"1643",2011,"CA-ON-13","68-298"
"1644",2012,"CA-ON-13","68-298"
"1645",2004,"CA-ON-13","68-319"
"1646",2005,"CA-ON-13","68-319"
"1647",2006,"CA-ON-13","68-319"
"1648",2007,"CA-ON-13","68-319"
"1649",2008,"CA-ON-13","68-319"
"1650",2009,"CA-ON-13","68-319"
"1651",2010,"CA-ON-13","68-319"
"1652",2011,"CA-ON-13","68-319"
"1653",2012,"CA-ON-13","68-319"
"1654",2010,"CA-ON-12","68-32"
"1655",2011,"CA-ON-12","68-32"
"1656",2012,"CA-ON-12","68-32"
"1657",2003,"CA-ON-12","68-32"
"1658",2006,"CA-ON-12","68-325"
"1659",2007,"CA-ON-12","68-325"
"1660",2008,"CA-ON-12","68-325"
"1661",2009,"CA-ON-12","68-325"
"1662",2011,"CA-ON-12","68-325"
"1663",2012,"CA-ON-12","68-325"
"1664",2002,"CA-ON-12","68-327"
"1665",2003,"CA-ON-12","68-327"
"1666",2004,"CA-ON-12","68-327"
"1667",2005,"CA-ON-12","68-327"
"1668",2009,"CA-ON-12","68-327"
"1669",2010,"CA-ON-12","68-327"
"1670",2011,"CA-ON-12","68-327"
"1671",2012,"CA-ON-12","68-327"
"1672",2006,"CA-ON-12","68-328"
"1673",2008,"CA-ON-12","68-328"
"1674",2009,"CA-ON-12","68-328"
"1675",2010,"CA-ON-12","68-328"
"1676",2011,"CA-ON-12","68-328"
"1677",2002,"CA-ON-12","68-338"
"1678",2003,"CA-ON-12","68-338"
"1679",2004,"CA-ON-12","68-338"
"1680",2005,"CA-ON-12","68-338"
"1681",2006,"CA-ON-12","68-338"
"1682",2008,"CA-ON-12","68-338"
"1683",2009,"CA-ON-12","68-338"
"1684",2010,"CA-ON-12","68-338"
"1685",2011,"CA-ON-12","68-338"
"1686",2012,"CA-ON-12","68-338"
"1687",2006,"CA-ON-12","68-34"
"1688",2007,"CA-ON-12","68-34"
"1689",2008,"CA-ON-12","68-34"
"1690",2010,"CA-ON-12","68-34"
"1691",2011,"CA-ON-12","68-34"
"1692",2012,"CA-ON-12","68-34"
"1693",2006,"CA-ON-12","68-35"
"1694",2010,"CA-ON-12","68-35"
"1695",2012,"CA-ON-12","68-35"
"1696",2002,"CA-ON-12","68-35"
"1697",2003,"CA-ON-12","68-35"
"1698",2004,"CA-ON-12","68-35"
"1699",2002,"CA-ON-12","68-350"
"1700",2005,"CA-ON-12","68-350"
"1701",2006,"CA-ON-12","68-350"
"1702",2007,"CA-ON-12","68-350"
"1703",2009,"CA-ON-12","68-350"
"1704",2012,"CA-ON-12","68-350"
"1705",2008,"CA-ON-12","68-352"
"1706",2004,"CA-ON-8","68-36"
"1707",2006,"CA-ON-8","68-36"
"1708",2007,"CA-ON-8","68-36"
"1709",2008,"CA-ON-8","68-36"
"1710",2009,"CA-ON-8","68-36"
"1711",2010,"CA-ON-8","68-36"
"1712",2012,"CA-ON-8","68-36"
"1713",2002,"CA-ON-13","68-37"
"1714",2003,"CA-ON-13","68-37"
"1715",2004,"CA-ON-13","68-37"
"1716",2005,"CA-ON-13","68-37"
"1717",2006,"CA-ON-13","68-37"
"1718",2007,"CA-ON-13","68-37"
"1719",2008,"CA-ON-13","68-37"
"1720",2009,"CA-ON-13","68-37"
"1721",2010,"CA-ON-13","68-37"
"1722",2011,"CA-ON-13","68-37"
"1723",2012,"CA-ON-12","68-373"
"1724",2002,"CA-ON-12","68-38"
"1725",2003,"CA-ON-12","68-38"
"1726",2004,"CA-ON-12","68-38"
"1727",2005,"CA-ON-12","68-38"
"1728",2006,"CA-ON-12","68-38"
"1729",2006,"CA-ON-12","68-41"
"1730",2007,"CA-ON-12","68-41"
"1731",2008,"CA-ON-12","68-41"
"1732",2003,"CA-ON-8","68-43"
"1733",2005,"CA-ON-8","68-43"
"1734",2007,"CA-ON-8","68-43"
"1735",2012,"CA-ON-8","68-43"
"1736",2002,"CA-ON-12","68-44"
"1737",2003,"CA-ON-12","68-44"
"1738",2004,"CA-ON-12","68-44"
"1739",2005,"CA-ON-12","68-44"
"1740",2006,"CA-ON-12","68-44"
"1741",2008,"CA-ON-12","68-44"
"1742",2010,"CA-ON-12","68-44"
"1743",2011,"CA-ON-12","68-44"
"1744",2008,"CA-ON-12","68-45"
"1745",2009,"CA-ON-12","68-45"
"1746",2011,"CA-ON-12","68-45"
"1747",2012,"CA-ON-12","68-45"
"1748",2009,"CA-ON-12","68-452"
"1749",2010,"CA-ON-12","68-452"
"1750",2011,"CA-ON-12","68-452"
"1751",2012,"CA-ON-12","68-452"
"1752",2009,"CA-ON-8","68-46"
"1753",2010,"CA-ON-8","68-46"
"1754",2011,"CA-ON-8","68-46"
"1755",2012,"CA-ON-8","68-46"
"1756",2006,"CA-ON-12","68-49"
"1757",2007,"CA-ON-12","68-49"
"1758",2008,"CA-ON-12","68-49"
"1759",2009,"CA-ON-12","68-49"
"1760",2010,"CA-ON-12","68-49"
"1761",2011,"CA-ON-12","68-49"
"1762",2012,"CA-ON-12","68-49"
"1763",2006,"CA-ON-12","68-50"
"1764",2007,"CA-ON-12","68-50"
"1765",2008,"CA-ON-12","68-50"
"1766",2009,"CA-ON-12","68-50"
"1767",2011,"CA-ON-12","68-50"
"1768",2002,"CA-ON-12","68-50"
"1769",2003,"CA-ON-12","68-50"
"1770",2005,"CA-ON-12","68-50"
"1771",2009,"CA-ON-12","68-51"
"1772",2010,"CA-ON-12","68-51"
"1773",2011,"CA-ON-12","68-51"
"1774",2012,"CA-ON-12","68-51"
"1775",2002,"CA-ON-12","68-52"
"1776",2003,"CA-ON-12","68-52"
"1777",2004,"CA-ON-12","68-52"
"1778",2005,"CA-ON-12","68-52"
"1779",2006,"CA-ON-12","68-52"
"1780",2008,"CA-ON-12","68-52"
"1781",2010,"CA-ON-12","68-52"
"1782",2011,"CA-ON-12","68-52"
"1783",2012,"CA-ON-12","68-52"
"1784",2002,"CA-ON-12","68-54"
"1785",2003,"CA-ON-12","68-54"
"1786",2004,"CA-ON-12","68-54"
"1787",2005,"CA-ON-12","68-54"
"1788",2006,"CA-ON-12","68-54"
"1789",2007,"CA-ON-12","68-54"
"1790",2008,"CA-ON-12","68-54"
"1791",2009,"CA-ON-12","68-54"
"1792",2010,"CA-ON-12","68-54"
"1793",2011,"CA-ON-12","68-54"
"1794",2012,"CA-ON-12","68-54"
"1795",2002,"CA-ON-12","68-59"
"1796",2003,"CA-ON-12","68-59"
"1797",2004,"CA-ON-12","68-59"
"1798",2005,"CA-ON-12","68-59"
"1799",2006,"CA-ON-12","68-59"
"1800",2007,"CA-ON-12","68-59"
"1801",2008,"CA-ON-12","68-59"
"1802",2009,"CA-ON-12","68-59"
"1803",2010,"CA-ON-12","68-59"
"1804",2011,"CA-ON-12","68-59"
"1805",2012,"CA-ON-12","68-59"
"1806",2004,"CA-ON-8","68-62"
"1807",2005,"CA-ON-8","68-62"
"1808",2007,"CA-ON-8","68-62"
"1809",2008,"CA-ON-8","68-62"
"1810",2009,"CA-ON-8","68-62"
"1811",2010,"CA-ON-8","68-62"
"1812",2011,"CA-ON-8","68-62"
"1813",2002,"CA-ON-12","68-65"
"1814",2003,"CA-ON-12","68-65"
"1815",2004,"CA-ON-12","68-65"
"1816",2005,"CA-ON-12","68-65"
"1817",2011,"CA-ON-12","68-65"
"1818",2012,"CA-ON-12","68-65"
"1819",2002,"CA-ON-12","68-66"
"1820",2003,"CA-ON-12","68-66"
"1821",2004,"CA-ON-12","68-66"
"1822",2005,"CA-ON-12","68-66"
"1823",2006,"CA-ON-12","68-66"
"1824",2007,"CA-ON-12","68-66"
"1825",2008,"CA-ON-12","68-66"
"1826",2009,"CA-ON-12","68-66"
"1827",2010,"CA-ON-12","68-66"
"1828",2011,"CA-ON-12","68-66"
"1829",2012,"CA-ON-12","68-66"
"1830",2003,"CA-ON-8","68-67"
"1831",2012,"CA-ON-8","68-67"
"1832",2002,"CA-ON-8","68-78"
"1833",2003,"CA-ON-8","68-78"
"1834",2004,"CA-ON-8","68-78"
"1835",2009,"CA-ON-8","68-78"
"1836",2010,"CA-ON-8","68-78"
"1837",2010,"CA-ON-8","68-79"
"1838",2011,"CA-ON-8","68-79"
"1839",2012,"CA-ON-8","68-79"
"1840",2002,"US-PA-28","72-12"
"1841",2003,"US-PA-28","72-12"
"1842",2004,"US-PA-28","72-12"
"1843",2005,"US-PA-28","72-12"
"1844",2006,"US-PA-28","72-12"
"1845",2007,"US-PA-28","72-12"
"1846",2008,"US-PA-28","72-12"
"1847",2009,"US-PA-28","72-12"
"1848",2010,"US-PA-28","72-12"
"1849",2011,"US-PA-28","72-12"
"1850",2012,"US-PA-28","72-12"
"1851",2002,"US-PA-28","72-126"
"1852",2003,"US-PA-28","72-126"
"1853",2004,"US-PA-28","72-126"
"1854",2005,"US-PA-28","72-126"
"1855",2006,"US-PA-28","72-126"
"1856",2007,"US-PA-28","72-126"
"1857",2008,"US-PA-28","72-126"
"1858",2009,"US-PA-28","72-126"
"1859",2010,"US-PA-28","72-126"
"1860",2011,"US-PA-28","72-126"
"1861",2012,"US-PA-28","72-126"
"1862",2002,"US-PA-28","72-127"
"1863",2003,"US-PA-28","72-127"
"1864",2004,"US-PA-28","72-127"
"1865",2006,"US-PA-28","72-127"
"1866",2007,"US-PA-28","72-127"
"1867",2008,"US-PA-28","72-127"
"1868",2010,"US-PA-28","72-127"
"1869",2011,"US-PA-28","72-127"
"1870",2012,"US-PA-28","72-127"
"1871",2002,"US-PA-28","72-132"
"1872",2003,"US-PA-28","72-132"
"1873",2004,"US-PA-28","72-132"
"1874",2005,"US-PA-28","72-132"
"1875",2006,"US-PA-28","72-132"
"1876",2007,"US-PA-28","72-132"
"1877",2008,"US-PA-28","72-132"
"1878",2009,"US-PA-28","72-132"
"1879",2010,"US-PA-28","72-132"
"1880",2011,"US-PA-28","72-132"
"1881",2012,"US-PA-28","72-132"
"1882",2002,"US-PA-28","72-14"
"1883",2003,"US-PA-28","72-14"
"1884",2004,"US-PA-28","72-14"
"1885",2006,"US-PA-28","72-14"
"1886",2008,"US-PA-28","72-14"
"1887",2009,"US-PA-28","72-14"
"1888",2010,"US-PA-28","72-14"
"1889",2011,"US-PA-28","72-14"
"1890",2012,"US-PA-28","72-14"
"1891",2002,"US-PA-28","72-15"
"1892",2003,"US-PA-28","72-15"
"1893",2004,"US-PA-28","72-15"
"1894",2005,"US-PA-28","72-15"
"1895",2006,"US-PA-28","72-15"
"1896",2007,"US-PA-28","72-15"
"1897",2008,"US-PA-28","72-15"
"1898",2009,"US-PA-28","72-15"
"1899",2010,"US-PA-28","72-15"
"1900",2011,"US-PA-28","72-15"
"1901",2012,"US-PA-28","72-15"
"1902",2002,"US-PA-28","72-155"
"1903",2003,"US-PA-28","72-155"
"1904",2004,"US-PA-28","72-155"
"1905",2005,"US-PA-28","72-155"
"1906",2006,"US-PA-28","72-155"
"1907",2007,"US-PA-28","72-155"
"1908",2008,"US-PA-28","72-155"
"1909",2009,"US-PA-28","72-155"
"1910",2010,"US-PA-28","72-155"
"1911",2011,"US-PA-28","72-155"
"1912",2012,"US-PA-28","72-155"
"1913",2004,"US-PA-28","72-18"
"1914",2005,"US-PA-28","72-18"
"1915",2007,"US-PA-28","72-18"
"1916",2008,"US-PA-28","72-18"
"1917",2009,"US-PA-28","72-18"
"1918",2010,"US-PA-28","72-18"
"1919",2004,"US-PA-28","72-19"
"1920",2005,"US-PA-28","72-19"
"1921",2006,"US-PA-28","72-19"
"1922",2007,"US-PA-28","72-19"
"1923",2008,"US-PA-28","72-19"
"1924",2009,"US-PA-28","72-19"
"1925",2011,"US-PA-28","72-19"
"1926",2012,"US-PA-28","72-19"
"1927",2003,"US-PA-28","72-20"
"1928",2006,"US-PA-28","72-20"
"1929",2007,"US-PA-28","72-20"
"1930",2010,"US-PA-28","72-20"
"1931",2011,"US-PA-28","72-20"
"1932",2012,"US-PA-28","72-20"
"1933",2002,"US-PA-28","72-22"
"1934",2003,"US-PA-28","72-22"
"1935",2004,"US-PA-28","72-22"
"1936",2005,"US-PA-28","72-22"
"1937",2006,"US-PA-28","72-22"
"1938",2007,"US-PA-28","72-22"
"1939",2008,"US-PA-28","72-22"
"1940",2009,"US-PA-28","72-22"
"1941",2010,"US-PA-28","72-22"
"1942",2011,"US-PA-28","72-22"
"1943",2012,"US-PA-28","72-22"
"1944",2002,"US-PA-28","72-23"
"1945",2003,"US-PA-28","72-23"
"1946",2004,"US-PA-28","72-23"
"1947",2005,"US-PA-28","72-23"
"1948",2006,"US-PA-28","72-23"
"1949",2007,"US-PA-28","72-23"
"1950",2008,"US-PA-28","72-23"
"1951",2009,"US-PA-28","72-23"
"1952",2010,"US-PA-28","72-23"
"1953",2011,"US-PA-28","72-23"
"1954",2012,"US-PA-28","72-23"
"1955",2002,"US-PA-28","72-28"
"1956",2003,"US-PA-28","72-28"
"1957",2004,"US-PA-28","72-28"
"1958",2008,"US-PA-28","72-28"
"1959",2009,"US-PA-28","72-28"
"1960",2010,"US-PA-28","72-28"
"1961",2011,"US-PA-28","72-28"
"1962",2012,"US-PA-28","72-28"
"1963",2005,"US-PA-28","72-28"
"1964",2002,"US-PA-28","72-29"
"1965",2003,"US-PA-28","72-29"
"1966",2004,"US-PA-28","72-29"
"1967",2005,"US-PA-28","72-29"
"1968",2006,"US-PA-28","72-29"
"1969",2007,"US-PA-28","72-29"
"1970",2008,"US-PA-28","72-29"
"1971",2009,"US-PA-28","72-29"
"1972",2010,"US-PA-28","72-29"
"1973",2011,"US-PA-28","72-29"
"1974",2012,"US-PA-28","72-29"
"1975",2010,"US-PA-28","72-31"
"1976",2011,"US-PA-28","72-31"
"1977",2012,"US-PA-28","72-31"
"1978",2002,"US-PA-28","72-31"
"1979",2003,"US-PA-28","72-31"
"1980",2004,"US-PA-28","72-31"
"1981",2005,"US-PA-28","72-31"
"1982",2006,"US-PA-28","72-31"
"1983",2007,"US-PA-28","72-31"
"1984",2008,"US-PA-28","72-31"
"1985",2009,"US-PA-28","72-31"
"1986",2002,"US-PA-28","72-33"
"1987",2003,"US-PA-28","72-33"
"1988",2004,"US-PA-28","72-33"
"1989",2005,"US-PA-28","72-33"
"1990",2006,"US-PA-28","72-33"
"1991",2007,"US-PA-28","72-33"
"1992",2008,"US-PA-28","72-33"
"1993",2009,"US-PA-28","72-33"
"1994",2010,"US-PA-28","72-33"
"1995",2011,"US-PA-28","72-33"
"1996",2012,"US-PA-28","72-33"
"1997",2002,"US-PA-28","72-34"
"1998",2003,"US-PA-28","72-34"
"1999",2004,"US-PA-28","72-34"
"2000",2005,"US-PA-28","72-34"
"2001",2006,"US-PA-28","72-34"
"2002",2008,"US-PA-28","72-34"
"2003",2009,"US-PA-28","72-34"
"2004",2010,"US-PA-28","72-34"
"2005",2011,"US-PA-28","72-34"
"2006",2012,"US-PA-28","72-34"
"2007",2009,"US-PA-28","72-38"
"2008",2010,"US-PA-28","72-38"
"2009",2012,"US-PA-28","72-38"
"2010",2002,"US-PA-28","72-38"
"2011",2003,"US-PA-28","72-38"
"2012",2004,"US-PA-28","72-38"
"2013",2005,"US-PA-28","72-38"
"2014",2006,"US-PA-28","72-38"
"2015",2008,"US-PA-28","72-38"
"2016",2003,"US-PA-28","72-41"
"2017",2004,"US-PA-28","72-41"
"2018",2005,"US-PA-28","72-41"
"2019",2006,"US-PA-28","72-41"
"2020",2007,"US-PA-28","72-41"
"2021",2008,"US-PA-28","72-41"
"2022",2009,"US-PA-28","72-41"
"2023",2010,"US-PA-28","72-41"
"2024",2011,"US-PA-28","72-41"
"2025",2012,"US-PA-28","72-41"
"2026",2004,"US-PA-28","72-43"
"2027",2005,"US-PA-28","72-43"
"2028",2006,"US-PA-28","72-43"
"2029",2007,"US-PA-28","72-43"
"2030",2008,"US-PA-28","72-43"
"2031",2009,"US-PA-28","72-43"
"2032",2010,"US-PA-28","72-43"
"2033",2011,"US-PA-28","72-43"
"2034",2002,"US-PA-28","72-43"
"2035",2002,"US-PA-28","72-60"
"2036",2003,"US-PA-28","72-60"
"2037",2004,"US-PA-28","72-60"
"2038",2005,"US-PA-28","72-60"
"2039",2006,"US-PA-28","72-60"
"2040",2007,"US-PA-28","72-60"
"2041",2008,"US-PA-28","72-60"
"2042",2009,"US-PA-28","72-60"
"2043",2010,"US-PA-28","72-60"
"2044",2011,"US-PA-28","72-60"
"2045",2012,"US-PA-28","72-60"
"2046",2006,"US-PA-28","72-67"
"2047",2007,"US-PA-28","72-67"
"2048",2008,"US-PA-28","72-67"
"2049",2009,"US-PA-28","72-67"
"2050",2010,"US-PA-28","72-67"
"2051",2011,"US-PA-28","72-67"
"2052",2012,"US-PA-28","72-67"
"2053",2002,"US-PA-28","72-83"
"2054",2003,"US-PA-28","72-83"
"2055",2004,"US-PA-28","72-83"
"2056",2005,"US-PA-28","72-83"
"2057",2006,"US-PA-28","72-83"
"2058",2007,"US-PA-28","72-83"
"2059",2008,"US-PA-28","72-83"
"2060",2009,"US-PA-28","72-83"
"2061",2010,"US-PA-28","72-83"
"2062",2011,"US-PA-28","72-83"
"2063",2012,"US-PA-28","72-83"
"2064",2002,"US-PA-28","72-9"
"2065",2003,"US-PA-28","72-9"
"2066",2004,"US-PA-28","72-9"
"2067",2005,"US-PA-28","72-9"
"2068",2006,"US-PA-28","72-9"
"2069",2007,"US-PA-28","72-9"
"2070",2008,"US-PA-28","72-9"
"2071",2009,"US-PA-28","72-9"
"2072",2010,"US-PA-28","72-9"
"2073",2011,"US-PA-28","72-9"
"2074",2012,"US-PA-28","72-9"
"2075",2002,"US-PA-28","72-90"
"2076",2003,"US-PA-28","72-90"
"2077",2004,"US-PA-28","72-90"
"2078",2005,"US-PA-28","72-90"
"2079",2006,"US-PA-28","72-90"
"2080",2007,"US-PA-28","72-90"
"2081",2008,"US-PA-28","72-90"
"2082",2009,"US-PA-28","72-90"
"2083",2010,"US-PA-28","72-90"
"2084",2011,"US-PA-28","72-90"
"2085",2012,"US-PA-28","72-90"
"2086",2002,"CA-QC-12","76-1"
"2087",2003,"CA-QC-12","76-1"
"2088",2004,"CA-QC-12","76-1"
"2089",2005,"CA-QC-12","76-1"
"2090",2006,"CA-QC-12","76-1"
"2091",2007,"CA-QC-12","76-1"
"2092",2008,"CA-QC-12","76-1"
"2093",2009,"CA-QC-12","76-1"
"2094",2010,"CA-QC-12","76-1"
"2095",2011,"CA-QC-12","76-1"
"2096",2012,"CA-QC-12","76-1"
"2097",2002,"CA-QC-14","76-10"
"2098",2003,"CA-QC-14","76-10"
"2099",2004,"CA-QC-14","76-10"
"2100",2005,"CA-QC-14","76-10"
"2101",2006,"CA-QC-14","76-10"
"2102",2007,"CA-QC-14","76-10"
"2103",2008,"CA-QC-14","76-10"
"2104",2009,"CA-QC-14","76-10"
"2105",2003,"CA-QC-14","76-11"
"2106",2004,"CA-QC-14","76-11"
"2107",2005,"CA-QC-14","76-11"
"2108",2006,"CA-QC-14","76-11"
"2109",2007,"CA-QC-14","76-11"
"2110",2012,"CA-QC-14","76-11"
"2111",2005,"CA-QC-14","76-110"
"2112",2006,"CA-QC-14","76-110"
"2113",2007,"CA-QC-14","76-110"
"2114",2002,"CA-QC-12","76-112"
"2115",2004,"CA-QC-12","76-112"
"2116",2005,"CA-QC-12","76-112"
"2117",2006,"CA-QC-12","76-112"
"2118",2002,"CA-QC-12","76-113"
"2119",2004,"CA-QC-12","76-113"
"2120",2005,"CA-QC-12","76-113"
"2121",2006,"CA-QC-12","76-113"
"2122",2007,"CA-QC-12","76-113"
"2123",2008,"CA-QC-12","76-113"
"2124",2009,"CA-QC-12","76-113"
"2125",2010,"CA-QC-12","76-113"
"2126",2012,"CA-QC-12","76-113"
"2127",2003,"CA-QC-12","76-115"
"2128",2004,"CA-QC-12","76-115"
"2129",2005,"CA-QC-12","76-117"
"2130",2006,"CA-QC-12","76-117"
"2131",2007,"CA-QC-12","76-117"
"2132",2008,"CA-QC-12","76-117"
"2133",2002,"CA-QC-12","76-118"
"2134",2003,"CA-QC-12","76-118"
"2135",2004,"CA-QC-12","76-118"
"2136",2005,"CA-QC-12","76-118"
"2137",2006,"CA-QC-12","76-118"
"2138",2007,"CA-QC-14","76-124"
"2139",2009,"CA-QC-14","76-124"
"2140",2010,"CA-QC-14","76-124"
"2141",2011,"CA-QC-14","76-124"
"2142",2012,"CA-QC-14","76-124"
"2143",2002,"CA-QC-12","76-125"
"2144",2003,"CA-QC-12","76-125"
"2145",2004,"CA-QC-12","76-125"
"2146",2005,"CA-QC-12","76-125"
"2147",2006,"CA-QC-12","76-125"
"2148",2007,"CA-QC-12","76-125"
"2149",2008,"CA-QC-12","76-125"
"2150",2009,"CA-QC-12","76-125"
"2151",2010,"CA-QC-12","76-125"
"2152",2011,"CA-QC-12","76-125"
"2153",2012,"CA-QC-12","76-125"
"2154",2002,"CA-QC-12","76-127"
"2155",2003,"CA-QC-12","76-127"
"2156",2004,"CA-QC-12","76-127"
"2157",2005,"CA-QC-12","76-127"
"2158",2006,"CA-QC-12","76-127"
"2159",2007,"CA-QC-12","76-127"
"2160",2009,"CA-QC-12","76-127"
"2161",2010,"CA-QC-12","76-127"
"2162",2002,"CA-QC-12","76-13"
"2163",2011,"CA-QC-12","76-132"
"2164",2012,"CA-QC-12","76-132"
"2165",2006,"CA-QC-12","76-136"
"2166",2007,"CA-QC-12","76-136"
"2167",2008,"CA-QC-12","76-136"
"2168",2009,"CA-QC-12","76-136"
"2169",2010,"CA-QC-12","76-136"
"2170",2011,"CA-QC-12","76-136"
"2171",2012,"CA-QC-12","76-136"
"2172",2003,"CA-QC-12","76-140"
"2173",2004,"CA-QC-12","76-140"
"2174",2005,"CA-QC-12","76-140"
"2175",2006,"CA-QC-12","76-140"
"2176",2007,"CA-QC-12","76-140"
"2177",2008,"CA-QC-12","76-140"
"2178",2010,"CA-QC-12","76-140"
"2179",2011,"CA-QC-12","76-140"
"2180",2012,"CA-QC-12","76-140"
"2181",2011,"CA-QC-12","76-156"
"2182",2012,"CA-QC-12","76-156"
"2183",2011,"CA-QC-8","76-157"
"2184",2002,"CA-QC-14","76-159"
"2185",2003,"CA-QC-14","76-159"
"2186",2004,"CA-QC-14","76-159"
"2187",2006,"CA-QC-14","76-159"
"2188",2008,"CA-QC-14","76-159"
"2189",2009,"CA-QC-14","76-159"
"2190",2002,"CA-QC-12","76-16"
"2191",2003,"CA-QC-12","76-16"
"2192",2004,"CA-QC-12","76-16"
"2193",2005,"CA-QC-12","76-16"
"2194",2006,"CA-QC-12","76-16"
"2195",2007,"CA-QC-12","76-16"
"2196",2008,"CA-QC-12","76-16"
"2197",2010,"CA-QC-12","76-16"
"2198",2011,"CA-QC-12","76-16"
"2199",2012,"CA-QC-12","76-16"
"2200",2003,"CA-QC-12","76-18"
"2201",2004,"CA-QC-12","76-18"
"2202",2006,"CA-QC-12","76-18"
"2203",2007,"CA-QC-12","76-18"
"2204",2008,"CA-QC-12","76-18"
"2205",2009,"CA-QC-12","76-18"
"2206",2010,"CA-QC-12","76-18"
"2207",2011,"CA-QC-12","76-18"
"2208",2012,"CA-QC-12","76-18"
"2209",2002,"CA-QC-14","76-190"
"2210",2003,"CA-QC-14","76-190"
"2211",2004,"CA-QC-14","76-190"
"2212",2005,"CA-QC-14","76-190"
"2213",2006,"CA-QC-14","76-190"
"2214",2007,"CA-QC-14","76-190"
"2215",2008,"CA-QC-14","76-190"
"2216",2009,"CA-QC-14","76-190"
"2217",2010,"CA-QC-14","76-190"
"2218",2012,"CA-QC-14","76-190"
"2219",2003,"CA-QC-12","76-201"
"2220",2004,"CA-QC-12","76-201"
"2221",2005,"CA-QC-12","76-201"
"2222",2006,"CA-QC-12","76-201"
"2223",2007,"CA-QC-12","76-201"
"2224",2009,"CA-QC-12","76-201"
"2225",2010,"CA-QC-12","76-201"
"2226",2011,"CA-QC-12","76-201"
"2227",2012,"CA-QC-12","76-201"
"2228",2006,"CA-QC-12","76-213"
"2229",2007,"CA-QC-12","76-213"
"2230",2008,"CA-QC-12","76-213"
"2231",2009,"CA-QC-12","76-213"
"2232",2010,"CA-QC-12","76-213"
"2233",2012,"CA-QC-12","76-213"
"2234",2002,"CA-QC-12","76-216"
"2235",2003,"CA-QC-12","76-216"
"2236",2004,"CA-QC-12","76-216"
"2237",2005,"CA-QC-12","76-216"
"2238",2006,"CA-QC-12","76-216"
"2239",2007,"CA-QC-12","76-216"
"2240",2008,"CA-QC-12","76-216"
"2241",2010,"CA-QC-12","76-216"
"2242",2011,"CA-QC-12","76-216"
"2243",2012,"CA-QC-12","76-216"
"2244",2002,"CA-QC-13","76-221"
"2245",2003,"CA-QC-13","76-221"
"2246",2004,"CA-QC-13","76-221"
"2247",2005,"CA-QC-13","76-221"
"2248",2006,"CA-QC-13","76-221"
"2249",2007,"CA-QC-13","76-221"
"2250",2008,"CA-QC-13","76-221"
"2251",2010,"CA-QC-13","76-221"
"2252",2011,"CA-QC-13","76-221"
"2253",2012,"CA-QC-13","76-221"
"2254",2011,"CA-QC-12","76-226"
"2255",2012,"CA-QC-12","76-226"
"2256",2003,"CA-QC-12","76-238"
"2257",2004,"CA-QC-12","76-238"
"2258",2009,"CA-QC-12","76-238"
"2259",2010,"CA-QC-12","76-238"
"2260",2011,"CA-QC-12","76-238"
"2261",2012,"CA-QC-12","76-238"
"2262",2005,"CA-QC-14","76-24"
"2263",2006,"CA-QC-14","76-24"
"2264",2002,"CA-QC-14","76-24"
"2265",2003,"CA-QC-14","76-24"
"2266",2004,"CA-QC-14","76-24"
"2267",2008,"CA-QC-8","76-243"
"2268",2010,"CA-QC-8","76-243"
"2269",2011,"CA-QC-8","76-243"
"2270",2007,"CA-QC-14","76-262"
"2271",2008,"CA-QC-14","76-262"
"2272",2009,"CA-QC-14","76-262"
"2273",2010,"CA-QC-14","76-262"
"2274",2011,"CA-QC-8","76-281"
"2275",2012,"CA-QC-8","76-281"
"2276",2003,"CA-QC-12","76-3"
"2277",2004,"CA-QC-12","76-3"
"2278",2005,"CA-QC-12","76-3"
"2279",2006,"CA-QC-12","76-3"
"2280",2007,"CA-QC-12","76-3"
"2281",2008,"CA-QC-12","76-3"
"2282",2009,"CA-QC-12","76-3"
"2283",2010,"CA-QC-12","76-3"
"2284",2011,"CA-QC-12","76-3"
"2285",2012,"CA-QC-12","76-3"
"2286",2002,"CA-QC-12","76-306"
"2287",2003,"CA-QC-12","76-306"
"2288",2004,"CA-QC-12","76-306"
"2289",2005,"CA-QC-12","76-306"
"2290",2006,"CA-QC-12","76-306"
"2291",2007,"CA-QC-12","76-306"
"2292",2008,"CA-QC-12","76-306"
"2293",2009,"CA-QC-12","76-306"
"2294",2010,"CA-QC-12","76-306"
"2295",2011,"CA-QC-12","76-306"
"2296",2012,"CA-QC-12","76-306"
"2297",2002,"CA-QC-14","76-309"
"2298",2003,"CA-QC-14","76-309"
"2299",2004,"CA-QC-14","76-309"
"2300",2005,"CA-QC-14","76-309"
"2301",2006,"CA-QC-14","76-309"
"2302",2007,"CA-QC-14","76-309"
"2303",2008,"CA-QC-14","76-309"
"2304",2009,"CA-QC-14","76-309"
"2305",2010,"CA-QC-14","76-309"
"2306",2011,"CA-QC-14","76-309"
"2307",2012,"CA-QC-14","76-309"
"2308",2006,"CA-QC-14","76-310"
"2309",2007,"CA-QC-14","76-310"
"2310",2008,"CA-QC-14","76-310"
"2311",2009,"CA-QC-14","76-310"
"2312",2010,"CA-QC-14","76-310"
"2313",2011,"CA-QC-14","76-310"
"2314",2012,"CA-QC-14","76-310"
"2315",2003,"CA-QC-14","76-310"
"2316",2004,"CA-QC-14","76-310"
"2317",2002,"CA-QC-12","76-314"
"2318",2003,"CA-QC-12","76-314"
"2319",2004,"CA-QC-12","76-314"
"2320",2005,"CA-QC-12","76-314"
"2321",2006,"CA-QC-12","76-314"
"2322",2007,"CA-QC-12","76-314"
"2323",2008,"CA-QC-12","76-314"
"2324",2009,"CA-QC-12","76-314"
"2325",2010,"CA-QC-12","76-314"
"2326",2011,"CA-QC-12","76-314"
"2327",2012,"CA-QC-12","76-314"
"2328",2006,"CA-QC-12","76-317"
"2329",2007,"CA-QC-12","76-317"
"2330",2008,"CA-QC-12","76-317"
"2331",2011,"CA-QC-12","76-318"
"2332",2012,"CA-QC-12","76-318"
"2333",2002,"CA-QC-12","76-318"
"2334",2003,"CA-QC-12","76-318"
"2335",2005,"CA-QC-12","76-318"
"2336",2006,"CA-QC-12","76-318"
"2337",2005,"CA-QC-12","76-320"
"2338",2006,"CA-QC-12","76-320"
"2339",2007,"CA-QC-12","76-320"
"2340",2008,"CA-QC-12","76-320"
"2341",2010,"CA-QC-12","76-320"
"2342",2011,"CA-QC-12","76-320"
"2343",2012,"CA-QC-12","76-320"
"2344",2006,"CA-QC-14","76-324"
"2345",2007,"CA-QC-14","76-324"
"2346",2008,"CA-QC-14","76-324"
"2347",2009,"CA-QC-14","76-324"
"2348",2010,"CA-QC-14","76-324"
"2349",2011,"CA-QC-14","76-324"
"2350",2012,"CA-QC-14","76-324"
"2351",2009,"CA-QC-12","76-33"
"2352",2002,"CA-QC-12","76-33"
"2353",2006,"CA-QC-12","76-33"
"2354",2007,"CA-QC-12","76-33"
"2355",2008,"CA-QC-12","76-33"
"2356",2010,"CA-QC-14","76-341"
"2357",2011,"CA-QC-14","76-341"
"2358",2012,"CA-QC-14","76-341"
"2359",2008,"CA-QC-8","76-345"
"2360",2009,"CA-QC-8","76-345"
"2361",2012,"CA-QC-8","76-345"
"2362",2002,"CA-QC-8","76-345"
"2363",2012,"CA-QC-8","76-357"
"2364",2002,"CA-QC-12","76-39"
"2365",2003,"CA-QC-12","76-39"
"2366",2004,"CA-QC-12","76-39"
"2367",2005,"CA-QC-12","76-39"
"2368",2006,"CA-QC-12","76-39"
"2369",2007,"CA-QC-12","76-39"
"2370",2008,"CA-QC-12","76-39"
"2371",2009,"CA-QC-12","76-39"
"2372",2010,"CA-QC-12","76-39"
"2373",2011,"CA-QC-12","76-39"
"2374",2012,"CA-QC-12","76-39"
"2375",2002,"CA-QC-14","76-390"
"2376",2003,"CA-QC-14","76-390"
"2377",2004,"CA-QC-14","76-390"
"2378",2005,"CA-QC-14","76-390"
"2379",2006,"CA-QC-14","76-390"
"2380",2007,"CA-QC-14","76-390"
"2381",2008,"CA-QC-14","76-390"
"2382",2010,"CA-QC-14","76-390"
"2383",2007,"CA-QC-13","76-40"
"2384",2008,"CA-QC-13","76-40"
"2385",2009,"CA-QC-13","76-40"
"2386",2003,"CA-QC-13","76-40"
"2387",2005,"CA-QC-13","76-40"
"2388",2010,"CA-QC-13","76-40"
"2389",2011,"CA-QC-13","76-40"
"2390",2012,"CA-QC-13","76-40"
"2391",2009,"CA-QC-12","76-417"
"2392",2010,"CA-QC-12","76-417"
"2393",2011,"CA-QC-12","76-417"
"2394",2012,"CA-QC-12","76-417"
"2395",2005,"CA-QC-12","76-439"
"2396",2006,"CA-QC-12","76-439"
"2397",2007,"CA-QC-12","76-439"
"2398",2009,"CA-QC-12","76-439"
"2399",2011,"CA-QC-12","76-439"
"2400",2012,"CA-QC-12","76-439"
"2401",2002,"CA-QC-13","76-5"
"2402",2003,"CA-QC-13","76-5"
"2403",2004,"CA-QC-13","76-5"
"2404",2005,"CA-QC-13","76-5"
"2405",2006,"CA-QC-13","76-5"
"2406",2007,"CA-QC-13","76-5"
"2407",2008,"CA-QC-13","76-5"
"2408",2009,"CA-QC-13","76-5"
"2409",2010,"CA-QC-13","76-5"
"2410",2011,"CA-QC-13","76-5"
"2411",2012,"CA-QC-13","76-5"
"2412",2003,"CA-QC-12","76-537"
"2413",2004,"CA-QC-12","76-537"
"2414",2005,"CA-QC-12","76-537"
"2415",2006,"CA-QC-12","76-537"
"2416",2007,"CA-QC-12","76-537"
"2417",2008,"CA-QC-12","76-537"
"2418",2009,"CA-QC-12","76-537"
"2419",2010,"CA-QC-12","76-537"
"2420",2011,"CA-QC-12","76-537"
"2421",2012,"CA-QC-12","76-537"
"2422",2005,"CA-QC-14","76-565"
"2423",2006,"CA-QC-14","76-565"
"2424",2007,"CA-QC-14","76-565"
"2425",2008,"CA-QC-14","76-565"
"2426",2009,"CA-QC-14","76-565"
"2427",2011,"CA-QC-8","76-57"
"2428",2007,"CA-QC-8","76-58"
"2429",2009,"CA-QC-8","76-58"
"2430",2010,"CA-QC-8","76-58"
"2431",2012,"CA-QC-14","76-60"
"2432",2002,"CA-QC-14","76-60"
"2433",2003,"CA-QC-14","76-60"
"2434",2004,"CA-QC-14","76-60"
"2435",2005,"CA-QC-14","76-60"
"2436",2006,"CA-QC-14","76-60"
"2437",2007,"CA-QC-14","76-60"
"2438",2008,"CA-QC-14","76-60"
"2439",2009,"CA-QC-14","76-60"
"2440",2011,"CA-QC-14","76-60"
"2441",2012,"CA-QC-14","76-61"
"2442",2003,"CA-QC-14","76-61"
"2443",2004,"CA-QC-14","76-61"
"2444",2006,"CA-QC-14","76-61"
"2445",2008,"CA-QC-14","76-61"
"2446",2011,"CA-QC-14","76-61"
"2447",2010,"CA-QC-14","76-665"
"2448",2012,"CA-QC-14","76-665"
"2449",2012,"CA-QC-13","76-7"
"2450",2005,"CA-QC-13","76-7"
"2451",2006,"CA-QC-13","76-7"
"2452",2007,"CA-QC-13","76-7"
"2453",2008,"CA-QC-13","76-7"
"2454",2009,"CA-QC-13","76-7"
"2455",2010,"CA-QC-13","76-7"
"2456",2011,"CA-QC-13","76-7"
"2457",2002,"CA-QC-13","76-8"
"2458",2003,"CA-QC-13","76-8"
"2459",2004,"CA-QC-13","76-8"
"2460",2005,"CA-QC-13","76-8"
"2461",2006,"CA-QC-13","76-8"
"2462",2007,"CA-QC-13","76-8"
"2463",2008,"CA-QC-13","76-8"
"2464",2009,"CA-QC-13","76-8"
"2465",2010,"CA-QC-13","76-8"
"2466",2011,"CA-QC-13","76-8"
"2467",2012,"CA-QC-13","76-8"
"2468",2002,"CA-QC-13","76-9"
"2469",2003,"CA-QC-13","76-9"
"2470",2004,"CA-QC-13","76-9"
"2471",2005,"CA-QC-13","76-9"
"2472",2007,"CA-QC-13","76-9"
"2473",2008,"CA-QC-13","76-9"
"2474",2009,"CA-QC-13","76-9"
"2475",2010,"CA-QC-13","76-9"
"2476",2011,"CA-QC-13","76-9"
"2477",2012,"CA-QC-13","76-9"
"2478",2002,"CA-QC-14","76-90"
"2479",2003,"CA-QC-14","76-90"
"2480",2004,"CA-QC-14","76-90"
"2481",2005,"CA-QC-14","76-90"
"2482",2006,"CA-QC-14","76-90"
"2483",2007,"CA-QC-14","76-90"
"2484",2008,"CA-QC-14","76-90"
"2485",2009,"CA-QC-14","76-90"
"2486",2010,"CA-QC-14","76-90"
"2487",2011,"CA-QC-14","76-90"
"2488",2011,"CA-NSPE-14","765-1"
"2489",2012,"CA-NSPE-14","765-1"
"2490",2003,"CA-NSPE-14","765-1"
"2491",2004,"CA-NSPE-14","765-1"
"2492",2005,"CA-NSPE-14","765-1"
"2493",2006,"CA-NSPE-14","765-1"
"2494",2008,"CA-NSPE-14","765-1"
"2495",2010,"CA-NSPE-14","765-1"
"2498",2002,"CA-NSPE-14","765-1"
"2503",2007,"CA-NSPE-14","765-1"
"2504",2002,"CA-NSPE-14","765-11"
"2505",2003,"CA-NSPE-14","765-11"
"2506",2004,"CA-NSPE-14","765-11"
"2507",2005,"CA-NSPE-14","765-11"
"2508",2006,"CA-NSPE-14","765-11"
"2509",2007,"CA-NSPE-14","765-11"
"2510",2008,"CA-NSPE-14","765-11"
"2511",2009,"CA-NSPE-14","765-11"
"2512",2010,"CA-NSPE-14","765-11"
"2513",2012,"CA-NSPE-14","765-11"
"2514",2002,"CA-NSPE-14","765-117"
"2515",2003,"CA-NSPE-14","765-117"
"2516",2004,"CA-NSPE-14","765-117"
"2517",2005,"CA-NSPE-14","765-117"
"2518",2006,"CA-NSPE-14","765-117"
"2519",2007,"CA-NSPE-14","765-117"
"2520",2008,"CA-NSPE-14","765-117"
"2521",2009,"CA-NSPE-14","765-117"
"2522",2010,"CA-NSPE-14","765-117"
"2523",2011,"CA-NSPE-14","765-117"
"2524",2012,"CA-NSPE-14","765-117"
"2525",2002,"CA-NSPE-14","765-13"
"2526",2004,"CA-NSPE-14","765-13"
"2527",2005,"CA-NSPE-14","765-13"
"2528",2006,"CA-NSPE-14","765-13"
"2529",2007,"CA-NSPE-14","765-13"
"2530",2008,"CA-NSPE-14","765-13"
"2531",2009,"CA-NSPE-14","765-13"
"2532",2010,"CA-NSPE-14","765-13"
"2533",2012,"CA-NSPE-14","765-13"
"2536",2002,"CA-NSPE-14","765-14"
"2537",2003,"CA-NSPE-14","765-14"
"2538",2004,"CA-NSPE-14","765-14"
"2539",2005,"CA-NSPE-14","765-14"
"2540",2006,"CA-NSPE-14","765-14"
"2541",2007,"CA-NSPE-14","765-14"
"2542",2008,"CA-NSPE-14","765-14"
"2543",2009,"CA-NSPE-14","765-14"
"2544",2010,"CA-NSPE-14","765-14"
"2545",2011,"CA-NSPE-14","765-14"
"2546",2012,"CA-NSPE-14","765-14"
"2547",2008,"CA-NSPE-14","765-18"
"2548",2009,"CA-NSPE-14","765-18"
"2549",2010,"CA-NSPE-14","765-18"
"2550",2011,"CA-NSPE-14","765-18"
"2551",2004,"CA-NSPE-14","765-18"
"2552",2005,"CA-NSPE-14","765-18"
"2553",2006,"CA-NSPE-14","765-18"
"2554",2002,"CA-NSPE-14","765-18"
"2555",2012,"CA-NSPE-14","765-18"
"2556",2002,"CA-NSPE-14","765-19"
"2557",2003,"CA-NSPE-14","765-19"
"2558",2004,"CA-NSPE-14","765-19"
"2559",2005,"CA-NSPE-14","765-19"
"2560",2007,"CA-NSPE-14","765-19"
"2561",2008,"CA-NSPE-14","765-19"
"2562",2009,"CA-NSPE-14","765-19"
"2563",2010,"CA-NSPE-14","765-19"
"2564",2012,"CA-NSPE-14","765-19"
"2565",2004,"CA-NSPE-14","765-2"
"2566",2007,"CA-NSPE-14","765-2"
"2567",2009,"CA-NSPE-14","765-2"
"2568",2012,"CA-NSPE-14","765-2"
"2569",2002,"CA-NSPE-14","765-20"
"2570",2003,"CA-NSPE-14","765-20"
"2571",2004,"CA-NSPE-14","765-20"
"2572",2005,"CA-NSPE-14","765-20"
"2573",2006,"CA-NSPE-14","765-20"
"2574",2007,"CA-NSPE-14","765-20"
"2575",2008,"CA-NSPE-14","765-20"
"2576",2009,"CA-NSPE-14","765-20"
"2577",2010,"CA-NSPE-14","765-20"
"2578",2011,"CA-NSPE-14","765-20"
"2579",2012,"CA-NSPE-14","765-20"
"2580",2009,"CA-NSPE-14","765-22"
"2581",2010,"CA-NSPE-14","765-22"
"2582",2011,"CA-NSPE-14","765-22"
"2583",2007,"CA-NSPE-14","765-22"
"2584",2002,"CA-NSPE-14","765-22"
"2585",2004,"CA-NSPE-14","765-22"
"2586",2005,"CA-NSPE-14","765-22"
"2587",2002,"CA-NSPE-14","765-28"
"2588",2003,"CA-NSPE-14","765-28"
"2589",2004,"CA-NSPE-14","765-28"
"2590",2005,"CA-NSPE-14","765-28"
"2591",2006,"CA-NSPE-14","765-28"
"2592",2007,"CA-NSPE-14","765-28"
"2593",2008,"CA-NSPE-14","765-28"
"2594",2009,"CA-NSPE-14","765-28"
"2595",2010,"CA-NSPE-14","765-28"
"2596",2011,"CA-NSPE-14","765-28"
"2597",2002,"CA-NSPE-14","765-3"
"2598",2010,"CA-NSPE-14","765-3"
"2599",2011,"CA-NSPE-14","765-3"
"2600",2012,"CA-NSPE-14","765-3"
"2601",2006,"CA-NSPE-14","765-31"
"2602",2007,"CA-NSPE-14","765-31"
"2603",2008,"CA-NSPE-14","765-31"
"2604",2010,"CA-NSPE-14","765-31"
"2605",2011,"CA-NSPE-14","765-31"
"2606",2012,"CA-NSPE-14","765-31"
"2607",2002,"CA-NSPE-14","765-31"
"2608",2002,"CA-NSPE-14","765-36"
"2609",2003,"CA-NSPE-14","765-36"
"2610",2004,"CA-NSPE-14","765-36"
"2611",2005,"CA-NSPE-14","765-36"
"2612",2006,"CA-NSPE-14","765-36"
"2613",2007,"CA-NSPE-14","765-36"
"2614",2008,"CA-NSPE-14","765-36"
"2615",2009,"CA-NSPE-14","765-36"
"2616",2010,"CA-NSPE-14","765-36"
"2617",2011,"CA-NSPE-14","765-36"
"2618",2012,"CA-NSPE-14","765-36"
"2619",2002,"CA-NSPE-14","765-5"
"2620",2003,"CA-NSPE-14","765-5"
"2621",2004,"CA-NSPE-14","765-5"
"2622",2006,"CA-NSPE-14","765-5"
"2623",2007,"CA-NSPE-14","765-5"
"2624",2008,"CA-NSPE-14","765-5"
"2625",2009,"CA-NSPE-14","765-5"
"2626",2010,"CA-NSPE-14","765-5"
"2627",2011,"CA-NSPE-14","765-5"
"2628",2012,"CA-NSPE-14","765-5"
"2632",2002,"CA-NSPE-14","765-9"
"2633",2003,"CA-NSPE-14","765-9"
"2634",2004,"CA-NSPE-14","765-9"
"2635",2006,"CA-NSPE-14","765-9"
"2636",2007,"CA-NSPE-14","765-9"
"2637",2008,"CA-NSPE-14","765-9"
"2638",2009,"CA-NSPE-14","765-9"
"2639",2010,"CA-NSPE-14","765-9"
"2640",2011,"CA-NSPE-14","765-9"
"2641",2012,"CA-NSPE-14","765-9"
"2645",2005,"CA-NSPE-14","765-9"
"2651",2002,"CA-SK-6","79-130"
"2652",2003,"CA-SK-6","79-130"
"2653",2004,"CA-SK-6","79-130"
"2654",2005,"CA-SK-6","79-130"
"2655",2006,"CA-SK-6","79-130"
"2656",2007,"CA-SK-6","79-130"
"2657",2008,"CA-SK-6","79-130"
"2658",2009,"CA-SK-6","79-130"
"2659",2010,"CA-SK-6","79-130"
"2660",2011,"CA-SK-6","79-130"
"2661",2012,"CA-SK-6","79-130"
"2662",2002,"CA-SK-6","79-140"
"2663",2003,"CA-SK-6","79-140"
"2664",2004,"CA-SK-6","79-140"
"2665",2005,"CA-SK-6","79-140"
"2666",2011,"CA-SK-6","79-150"
"2667",2002,"CA-SK-6","79-150"
"2668",2003,"CA-SK-6","79-150"
"2669",2002,"CA-SK-6","79-42"
"2670",2004,"CA-SK-6","79-42"
"2671",2005,"CA-SK-6","79-42"
"2672",2006,"CA-SK-6","79-42"
"2673",2007,"CA-SK-6","79-42"
"2674",2008,"CA-SK-6","79-42"
"2675",2009,"CA-SK-6","79-42"
"2676",2010,"CA-SK-6","79-49"
"2677",2011,"CA-SK-6","79-49"
"2678",2002,"CA-SK-6","79-49"
"2679",2003,"CA-SK-6","79-49"
"2680",2010,"US-VT-14","87-10"
"2681",2011,"US-VT-14","87-10"
"2682",2012,"US-VT-14","87-10"
"2683",2009,"US-VT-14","87-10"
"2684",2002,"US-VT-14","87-10"
"2685",2003,"US-VT-14","87-10"
"2686",2004,"US-VT-14","87-10"
"2687",2005,"US-VT-14","87-10"
"2688",2006,"US-VT-14","87-10"
"2689",2002,"US-VT-14","87-11"
"2690",2003,"US-VT-14","87-11"
"2691",2004,"US-VT-14","87-11"
"2692",2005,"US-VT-14","87-11"
"2693",2006,"US-VT-14","87-11"
"2694",2007,"US-VT-14","87-11"
"2695",2008,"US-VT-14","87-11"
"2696",2009,"US-VT-14","87-11"
"2697",2010,"US-VT-14","87-11"
"2698",2011,"US-VT-14","87-11"
"2699",2012,"US-VT-14","87-11"
"2700",2005,"US-VT-14","87-116"
"2701",2008,"US-VT-14","87-116"
"2702",2009,"US-VT-14","87-116"
"2703",2010,"US-VT-14","87-116"
"2704",2011,"US-VT-14","87-116"
"2705",2012,"US-VT-14","87-116"
"2706",2002,"US-VT-14","87-120"
"2707",2003,"US-VT-14","87-120"
"2708",2004,"US-VT-14","87-120"
"2709",2005,"US-VT-14","87-120"
"2710",2006,"US-VT-14","87-120"
"2711",2007,"US-VT-14","87-120"
"2712",2008,"US-VT-14","87-120"
"2713",2009,"US-VT-14","87-120"
"2714",2010,"US-VT-14","87-120"
"2715",2011,"US-VT-14","87-120"
"2716",2002,"US-VT-14","87-13"
"2717",2004,"US-VT-14","87-13"
"2718",2007,"US-VT-14","87-13"
"2719",2008,"US-VT-14","87-13"
"2720",2009,"US-VT-14","87-13"
"2721",2011,"US-VT-14","87-13"
"2722",2012,"US-VT-14","87-13"
"2723",2003,"US-VT-14","87-14"
"2724",2005,"US-VT-14","87-14"
"2725",2006,"US-VT-14","87-14"
"2726",2007,"US-VT-14","87-14"
"2727",2008,"US-VT-14","87-14"
"2728",2009,"US-VT-14","87-14"
"2729",2010,"US-VT-14","87-14"
"2730",2011,"US-VT-14","87-14"
"2731",2012,"US-VT-14","87-14"
"2732",2002,"US-VT-14","87-15"
"2733",2003,"US-VT-14","87-15"
"2734",2004,"US-VT-14","87-15"
"2735",2005,"US-VT-14","87-15"
"2736",2006,"US-VT-14","87-15"
"2737",2007,"US-VT-14","87-15"
"2738",2008,"US-VT-14","87-15"
"2739",2009,"US-VT-14","87-15"
"2740",2010,"US-VT-14","87-15"
"2741",2012,"US-VT-14","87-15"
"2742",2002,"US-VT-14","87-16"
"2743",2003,"US-VT-14","87-16"
"2744",2004,"US-VT-14","87-16"
"2745",2003,"US-VT-14","87-17"
"2746",2004,"US-VT-14","87-17"
"2747",2005,"US-VT-14","87-17"
"2748",2006,"US-VT-14","87-17"
"2749",2007,"US-VT-14","87-17"
"2750",2009,"US-VT-14","87-17"
"2751",2010,"US-VT-14","87-17"
"2752",2011,"US-VT-14","87-17"
"2753",2012,"US-VT-14","87-17"
"2754",2002,"US-VT-14","87-18"
"2755",2003,"US-VT-14","87-18"
"2756",2004,"US-VT-14","87-18"
"2757",2005,"US-VT-14","87-18"
"2758",2006,"US-VT-14","87-18"
"2759",2007,"US-VT-14","87-18"
"2760",2008,"US-VT-14","87-18"
"2761",2009,"US-VT-14","87-18"
"2762",2002,"US-VT-14","87-5"
"2763",2003,"US-VT-14","87-5"
"2764",2004,"US-VT-14","87-5"
"2765",2005,"US-VT-14","87-5"
"2766",2006,"US-VT-14","87-5"
"2767",2007,"US-VT-14","87-5"
"2768",2008,"US-VT-14","87-5"
"2769",2009,"US-VT-14","87-5"
"2770",2010,"US-VT-14","87-5"
"2771",2011,"US-VT-14","87-5"
"2772",2012,"US-VT-14","87-5"
"2773",2010,"US-VT-14","87-6"
"2774",2011,"US-VT-14","87-6"
"2775",2012,"US-VT-14","87-6"
"2776",2004,"US-VT-14","87-6"
"2777",2005,"US-VT-14","87-6"
"2778",2006,"US-VT-14","87-6"
"2779",2007,"US-VT-14","87-6"
"2780",2008,"US-VT-14","87-6"
"2781",2009,"US-VT-14","87-6"
"2782",2002,"US-VT-14","87-6"
"2783",2004,"US-VT-14","87-7"
"2784",2005,"US-VT-14","87-7"
"2785",2006,"US-VT-14","87-7"
"2786",2007,"US-VT-14","87-7"
"2787",2008,"US-VT-14","87-7"
"2788",2009,"US-VT-14","87-7"
"2789",2010,"US-VT-14","87-7"
"2790",2011,"US-VT-14","87-7"
"2791",2012,"US-VT-14","87-7"
"2792",2002,"US-VT-14","87-9"
"2793",2003,"US-VT-14","87-9"
"2794",2004,"US-VT-14","87-9"
"2795",2005,"US-VT-14","87-9"
"2796",2007,"US-VT-14","87-9"
"2797",2008,"US-VT-14","87-9"
"2798",2009,"US-VT-14","87-9"
"2799",2011,"US-VT-14","87-9"
"2800",2012,"US-VT-14","87-9"
"2801",2002,"US-WV-28","90-147"
"2802",2003,"US-WV-28","90-147"
"2803",2004,"US-WV-28","90-147"
"2804",2005,"US-WV-28","90-147"
"2805",2006,"US-WV-28","90-147"
"2806",2007,"US-WV-28","90-147"
"2807",2002,"US-WV-28","90-29"
"2808",2003,"US-WV-28","90-29"
"2809",2004,"US-WV-28","90-29"
"2810",2006,"US-WV-28","90-29"
"2811",2007,"US-WV-28","90-29"
"2812",2009,"US-WV-28","90-29"
"2813",2010,"US-WV-28","90-29"
"2814",2012,"US-WV-28","90-29"
"2815",2002,"US-WV-28","90-32"
"2816",2003,"US-WV-28","90-32"
"2817",2004,"US-WV-28","90-32"
"2818",2005,"US-WV-28","90-32"
"2819",2006,"US-WV-28","90-32"
"2820",2007,"US-WV-28","90-32"
"2821",2002,"US-WV-28","90-46"
"2822",2003,"US-WV-28","90-46"
"2823",2004,"US-WV-28","90-46"
"2824",2005,"US-WV-28","90-46"
"2825",2006,"US-WV-28","90-46"
"2826",2007,"US-WV-28","90-46"
"2827",2008,"US-WV-28","90-46"
"2828",2009,"US-WV-28","90-46"
"2829",2010,"US-WV-28","90-46"
"2830",2011,"US-WV-28","90-46"
"2831",2012,"US-WV-28","90-46"
"2832",2002,"US-WI-12","91-1"
"2833",2003,"US-WI-12","91-1"
"2834",2004,"US-WI-12","91-1"
"2835",2005,"US-WI-12","91-1"
"2836",2006,"US-WI-12","91-1"
"2837",2007,"US-WI-12","91-1"
"2838",2008,"US-WI-12","91-1"
"2839",2011,"US-WI-12","91-1"
"2840",2002,"US-WI-12","91-15"
"2841",2003,"US-WI-12","91-15"
"2842",2006,"US-WI-12","91-15"
"2843",2007,"US-WI-12","91-15"
"2844",2008,"US-WI-12","91-15"
"2845",2009,"US-WI-12","91-15"
"2846",2010,"US-WI-12","91-15"
"2847",2011,"US-WI-12","91-15"
"2848",2012,"US-WI-12","91-15"
"2849",2003,"US-WI-12","91-16"
"2850",2004,"US-WI-12","91-16"
"2851",2005,"US-WI-12","91-16"
"2852",2006,"US-WI-12","91-16"
"2853",2007,"US-WI-12","91-16"
"2854",2008,"US-WI-12","91-16"
"2855",2009,"US-WI-12","91-16"
"2856",2010,"US-WI-12","91-16"
"2857",2011,"US-WI-12","91-16"
"2858",2012,"US-WI-12","91-16"
"2859",2005,"US-WI-12","91-2"
"2860",2006,"US-WI-12","91-2"
"2861",2007,"US-WI-12","91-2"
"2862",2008,"US-WI-12","91-2"
"2863",2009,"US-WI-12","91-2"
"2864",2004,"US-WI-12","91-2"
"2865",2012,"US-WI-12","91-2"
"2866",2011,"US-WI-12","91-2"
"2867",2002,"US-WI-12","91-22"
"2868",2003,"US-WI-12","91-22"
"2869",2004,"US-WI-12","91-22"
"2870",2005,"US-WI-12","91-22"
"2871",2006,"US-WI-12","91-22"
"2872",2007,"US-WI-12","91-22"
"2873",2008,"US-WI-12","91-22"
"2874",2009,"US-WI-12","91-22"
"2875",2010,"US-WI-12","91-22"
"2876",2011,"US-WI-12","91-22"
"2877",2012,"US-WI-12","91-22"
"2878",2002,"US-WI-12","91-23"
"2879",2004,"US-WI-12","91-23"
"2880",2005,"US-WI-12","91-23"
"2881",2006,"US-WI-12","91-23"
"2882",2007,"US-WI-12","91-23"
"2883",2008,"US-WI-12","91-23"
"2884",2009,"US-WI-12","91-23"
"2885",2010,"US-WI-12","91-23"
"2886",2011,"US-WI-12","91-23"
"2887",2012,"US-WI-12","91-23"
"2888",2008,"US-WI-12","91-24"
"2889",2009,"US-WI-12","91-24"
"2890",2010,"US-WI-12","91-24"
"2891",2011,"US-WI-12","91-24"
"2892",2012,"US-WI-12","91-24"
"2893",2002,"US-WI-12","91-24"
"2894",2003,"US-WI-12","91-24"
"2895",2004,"US-WI-12","91-24"
"2896",2005,"US-WI-12","91-24"
"2897",2006,"US-WI-12","91-24"
"2898",2007,"US-WI-12","91-24"
"2899",2003,"US-WI-12","91-25"
"2900",2005,"US-WI-12","91-25"
"2901",2007,"US-WI-12","91-25"
"2902",2008,"US-WI-12","91-25"
"2903",2010,"US-WI-12","91-25"
"2904",2011,"US-WI-12","91-25"
"2905",2012,"US-WI-12","91-25"
"2906",2002,"US-WI-12","91-28"
"2907",2003,"US-WI-12","91-28"
"2908",2004,"US-WI-12","91-28"
"2909",2005,"US-WI-12","91-28"
"2910",2006,"US-WI-12","91-28"
"2911",2007,"US-WI-12","91-28"
"2912",2008,"US-WI-12","91-28"
"2913",2009,"US-WI-12","91-28"
"2914",2010,"US-WI-12","91-28"
"2915",2011,"US-WI-12","91-28"
"2916",2012,"US-WI-12","91-28"
"2917",2002,"US-WI-12","91-29"
"2918",2003,"US-WI-12","91-29"
"2919",2004,"US-WI-12","91-29"
"2920",2005,"US-WI-12","91-29"
"2921",2006,"US-WI-12","91-29"
"2922",2007,"US-WI-12","91-29"
"2923",2008,"US-WI-12","91-29"
"2924",2009,"US-WI-12","91-29"
"2925",2010,"US-WI-12","91-29"
"2926",2011,"US-WI-12","91-29"
"2927",2012,"US-WI-12","91-29"
"2928",2002,"US-WI-12","91-3"
"2929",2003,"US-WI-12","91-3"
"2930",2004,"US-WI-12","91-3"
"2931",2005,"US-WI-12","91-3"
"2932",2006,"US-WI-12","91-3"
"2933",2007,"US-WI-12","91-3"
"2934",2009,"US-WI-12","91-3"
"2935",2010,"US-WI-12","91-3"
"2936",2011,"US-WI-12","91-3"
"2937",2012,"US-WI-12","91-3"
"2938",2002,"US-WI-12","91-30"
"2939",2003,"US-WI-12","91-30"
"2940",2004,"US-WI-12","91-30"
"2941",2005,"US-WI-12","91-30"
"2942",2006,"US-WI-12","91-30"
"2943",2007,"US-WI-12","91-30"
"2944",2008,"US-WI-12","91-30"
"2945",2009,"US-WI-12","91-30"
"2946",2010,"US-WI-12","91-30"
"2947",2011,"US-WI-12","91-30"
"2948",2012,"US-WI-12","91-30"
"2949",2002,"US-WI-12","91-302"
"2950",2003,"US-WI-12","91-302"
"2951",2006,"US-WI-12","91-302"
"2952",2005,"US-WI-12","91-302"
"2953",2007,"US-WI-12","91-302"
"2954",2008,"US-WI-12","91-302"
"2955",2009,"US-WI-12","91-302"
"2956",2010,"US-WI-12","91-302"
"2957",2011,"US-WI-12","91-302"
"2958",2012,"US-WI-12","91-302"
"2959",2002,"US-WI-12","91-303"
"2960",2003,"US-WI-12","91-303"
"2961",2004,"US-WI-12","91-303"
"2962",2005,"US-WI-12","91-303"
"2963",2006,"US-WI-12","91-303"
"2964",2007,"US-WI-12","91-303"
"2965",2008,"US-WI-12","91-303"
"2966",2009,"US-WI-12","91-303"
"2967",2010,"US-WI-12","91-303"
"2968",2011,"US-WI-12","91-303"
"2969",2012,"US-WI-12","91-303"
"2970",2009,"US-WI-12","91-305"
"2971",2011,"US-WI-12","91-305"
"2972",2012,"US-WI-12","91-305"
"2973",2002,"US-WI-12","91-305"
"2974",2003,"US-WI-12","91-305"
"2975",2004,"US-WI-12","91-305"
"2976",2005,"US-WI-12","91-305"
"2977",2006,"US-WI-12","91-305"
"2978",2007,"US-WI-12","91-305"
"2979",2008,"US-WI-12","91-305"
"2980",2002,"US-WI-12","91-307"
"2981",2003,"US-WI-12","91-307"
"2982",2004,"US-WI-12","91-307"
"2983",2005,"US-WI-12","91-307"
"2984",2007,"US-WI-12","91-307"
"2985",2008,"US-WI-12","91-307"
"2986",2009,"US-WI-12","91-307"
"2987",2010,"US-WI-12","91-307"
"2988",2011,"US-WI-12","91-307"
"2989",2012,"US-WI-12","91-307"
"2990",2002,"US-WI-12","91-4"
"2991",2003,"US-WI-12","91-4"
"2992",2004,"US-WI-12","91-4"
"2993",2005,"US-WI-12","91-4"
"2994",2006,"US-WI-12","91-4"
"2995",2007,"US-WI-12","91-4"
"2996",2008,"US-WI-12","91-4"
"2997",2009,"US-WI-12","91-4"
"2998",2011,"US-WI-12","91-4"
"2999",2010,"US-WI-12","91-4"
"3000",2012,"US-WI-12","91-4"
"3001",2002,"US-WI-12","91-5"
"3002",2003,"US-WI-12","91-5"
"3003",2004,"US-WI-12","91-5"
"3004",2005,"US-WI-12","91-5"
"3005",2006,"US-WI-12","91-5"
"3006",2007,"US-WI-12","91-5"
"3007",2008,"US-WI-12","91-5"
"3008",2009,"US-WI-12","91-5"
"3009",2010,"US-WI-12","91-5"
"3010",2011,"US-WI-12","91-5"
"3011",2012,"US-WI-12","91-5"
"3012",2002,"US-WI-12","91-6"
"3013",2003,"US-WI-12","91-6"
"3014",2004,"US-WI-12","91-6"
"3015",2005,"US-WI-12","91-6"
"3016",2006,"US-WI-12","91-6"
"3017",2007,"US-WI-12","91-6"
"3018",2010,"US-WI-12","91-6"
"3019",2011,"US-WI-12","91-6"
"3020",2012,"US-WI-12","91-6"
"3021",2002,"US-WI-12","91-7"
"3022",2003,"US-WI-12","91-7"
"3023",2004,"US-WI-12","91-7"
"3024",2005,"US-WI-12","91-7"
"3025",2006,"US-WI-12","91-7"
"3026",2007,"US-WI-12","91-7"
"3027",2008,"US-WI-12","91-7"
"3028",2009,"US-WI-12","91-7"
"3029",2010,"US-WI-12","91-7"
"3030",2011,"US-WI-12","91-7"
"3031",2012,"US-WI-12","91-7"
"3032",2008,"US-WI-12","91-8"
"3033",2009,"US-WI-12","91-8"
"3034",2010,"US-WI-12","91-8"
"3035",2011,"US-WI-12","91-8"
"3036",2012,"US-WI-12","91-8"
"3037",2002,"US-WI-12","91-8"
"3038",2003,"US-WI-12","91-8"
"3039",2004,"US-WI-12","91-8"
"3040",2005,"US-WI-12","91-8"
"3041",2006,"US-WI-12","91-8"
"3042",2007,"US-WI-12","91-8"
